Document,true_label,predicted_label,confidence,correct
new monitor purchase po friday pm monitor purchase po dear purchased monitor monitor please log installation kind regards administrator,Hardware,Purchase,0.9999997615814208,False
your zone approver approver for tuesday november pm zone approver approver hello please zone approver approver updated ideally prefer approvals split approver nominations approver nominations possible split approvers according location thanks,HR Support,Miscellaneous,0.9999990463256836,False
po tuesday december pm po keyboards scattered over blame please create replenishment him his supporters please perform intend delivering remaining keyboards by thank administrator phone,Hardware,Purchase,0.9999990463256836,False
mailing list info belgrade please add mailing,HR Support,Miscellaneous,0.9999961853027344,False
request for conference code friday july pm code hello code order via thank much best regards cs tester,Hardware,Internal Project,0.99998939037323,False
po tuesday november pm po hello purchase monitor has please create monitor installed please kind perform attached screen guide thank administrator,Hardware,Purchase,0.9999799728393556,False
appointments massage chair approval flow wednesday july pm appointments massage chair hello ask help make flow booking massage chairs thanks,Hardware,Miscellaneous,0.9999675750732422,False
access to folders via calls mobile access folders via dear please could you help with following seem be unable make calls mobile phone cannot access files folders when using can access but then can access folders travelling next week require above by end week thanks head tax treasury,Storage,Hardware,0.9999324083328248,False
wrong caller name for wrong caller name for hello please log ticket was called by but caller looks be someone cheers application engineer,Hardware,Miscellaneous,0.9999276399612428,False
windows update restart loop issue update turn into infinite restart loop hi could you please take look laptop solve infinite restart loop after update thank you,Administrative rights,Hardware,0.9999274015426636,False
add to wireless and bucharest tuesday pm add hi please add wireless similar operation forwarded thanks update add dear further recent communication believe query has resolved resolution response please let further assistance matter reference number summary add resolver resolution notes description wednesday pm add hi please add wireless similar thanks lead kind regards ext ref msg,HR Support,Miscellaneous,0.9999020099639891,False
permission to send to all staff and to all staff friday october pm add shared mailbox hello regarding ask please permission members thank much best regards specialist,Miscellaneous,Storage,0.9998962879180908,False
virtual machine setup sent friday virtual machine hello tried install laptop using but get error vt disabled there with error attached can you please help changing bios settings thank you,HR Support,Hardware,0.999890685081482,False
approval flow oracle cod flow cod bun cod ca care se care la mine,Hardware,Miscellaneous,0.9998733997344972,False
retrieve unused hardware tuesday november pm upgrade query hello based please reassign unused regards technician tuesday november pm re upgrade query device virtual machine chief date tuesday november upgrade query hello upgrade devices received upgrade because inventory assigned device number please let decommission regards technician october pm re upgrade also chief,Purchase,Administrative rights,0.9998669624328612,False
for certificate error after password reset on for certificate error after password reset hi can sign into for after have password might need manually add certificates know where get them thank you,Hardware,Access,0.9998612403869628,False
need your approval for the licenses licenses hi please best regards analyst wednesday november pm licenses hi please help find tried find urgently approved thank head thursday november pm re licenses issue flow table approvers head thursday november pm re licenses hi come thanks head thursday november pm licenses hi has rejected by mistake needs again please approve requisition sorry inconveniences thanks head,Access,Miscellaneous,0.9998111128807068,False
transfer request oracle tuesday october re next steps regards director october next steps hello please assist completing transfer form kind regards analyst ext hub thursday october pm re next steps hello kind reminder help transfer form great administration officer re next steps hello please advise updates thank analyst community builder ext hub tuesday october pm re next steps hello please help by filling transfer form added zone which please kind fill entire form thank administration officer re next steps hello waiting transfer form make changes accounts best regards analyst community builder ext hub friday pm next steps hello per please transfer entity transfer date possible otherwise also transfer beginning st please let steps doing thank regards friday re next steps cum rand ii ca head architecture inca la la si pus si si la si si parte va la la rand interim head interim head architecture multi si ca ii la hands ii se si va tot si discipline ne cat va si va fie si va next steps va spun ca mine si si va la si zone si si care spun ca si va ca si ca la si si ales bun nominal spun ii care inca si care ca vin si ca mentor si ca va si logistic ca head fie si ca head architecture fie tot ca si success si se si continua si ca ca si ca va drag si ne face ca programmer ca si tot face ca si va inca octet ca programmer signing off head architecture,Hardware,HR Support,0.9997603297233582,False
team mail wednesday pm hi please create folder named comprised thank officer,Miscellaneous,Storage,0.9996875524520874,False
meeting room management guide mr booking change owner hi please change owner mr booking gal also user guide how administrate thank,Hardware,Miscellaneous,0.9996711015701294,False
show content sent tuesday november show content importance high hi seems we cannot show content screen because room we know credentials we need for can you please help regards senior software developer,HR Support,Hardware,0.9996339082717896,False
windows upgrade error install hi error persists could you please let know if there anything can side thanks sent thursday re install hi could you please let know if there any updates for below thanks sent tuesday install thank you sent tuesday install hi tried update via guide you sent other after while received below error could you please let know how proceed thanks planning analyst,Hardware,Administrative rights,0.9996336698532104,False
secure data to be added as assignment snow secure added assignment snow hello finds well writing respect log guys namely add secure assignment snow close tickets currently vendor show change assignment let require additional information assist way thank lovely best regards specialist,Storage,Miscellaneous,0.9995973706245422,False
issue issue hi guys need delete draft contract annex we can push through for approval contract id dc when we try gives message file only won delete can you please advise help around cheers manager,Hardware,Miscellaneous,0.9995970129966736,False
create for app cab july create app cab hi please create cab application details name cab application members owner please let questions best regards,Access,Miscellaneous,0.9995611310005188,False
problem with virtual machine sent thursday problem server se abs problem tome st one se ne se,Administrative rights,Hardware,0.999481737613678,False
notification update required friday pm re report has assigned hi push these updates users next friday possible please setup cr please two tickets log mentioned cr users attached via merge update version manually update forced assets next friday starting please advised update version version assigned highly critical perform upgrade based availability order avoid virus attacks latest virus database available order update please follow steps software center by searching software center search menu best endpoint agent install selected wait installation status becomes installed reboot computer icons newly installed endpoint tools note during update process lose approximately minutes questions encounter difficulties upgrading please hesitate ownerless assets log corresponding teams thank re report has assigned hello please find attached report upgraded assets columns details best regards senior engineer wednesday pm report has assigned hello please advised record number has assigned please review details take appropriate action reference number details requested location center summary report additional comments requirements wednesday pm importance high hi guys please run report provide users assets running out date thank assign reference assignment summary location center please link kind regards ref msg,Hardware,Administrative rights,0.9994809031486512,False
access hello seems unable access mailbox within could you please advise receive connection server lost get following error something went wrong we re having trouble getting your mailbox right please refresh or try again later if problem continues please contact your error data version date already restarted laptop pass seem be was able access other tools require same credentials also note trying connect thank you regards,Administrative rights,Hardware,0.9994410872459412,False
over days not showing correctly says should have over days instead sa ne normal inca over normal inca ca si sa fie si la la se face,HR Support,Hardware,0.999424934387207,False
po monitor hp wednesday october pm po hi monitor requested please log replenishment by thank administrator phone,Hardware,Purchase,0.999403953552246,False
oracle error error hi trying approve list get error below could you check thanks head en,Miscellaneous,HR Support,0.9992222785949708,False
ticket issue tuesday july user listings his importance high hello please advised has updated best regards analyst july pm re user listings his importance high hi log create shows accounts payable invoice attached,Miscellaneous,Access,0.9992044568061828,False
licenses licenses left licenses were disabled leavers,HR Support,Access,0.9991808533668518,False
windows upgrade insufficient space on partition update hello have sufficient space update drive request laptop device with bigger hard drive mine having also years old please update next weeks for current laptop because be some production deployments client site take part also weekends thank you test consultant en,Hardware,Administrative rights,0.9991575479507446,False
git access tuesday march pm platforms comparison connected git permissions hello please git repository platforms thank date tuesday march re platforms comparison connected git permissions added developer git cannot add probably thanks tuesday march pm platforms comparison connected hi please find attached document high level design overview source code located platforms track progress board work documented confluence connected cars lead by unfortunately covering licenses costs goals identify differences various platforms platforms comparison phase azure electric imp by azure next phases idea cover other platforms well ibm analysis include dumb devices vs edge devices languages various platforms speed ease pricing protocols agreed work platforms comparison also related opportunity short description vehicle driver has mount vehicle port automatically authenticated by starts monitoring tracking vehicle basic analysis done via module collecting archived database eventually alarm triggered crash hard stop boundary vehicle defined area user driver also carrier entities manage companies device monitoring by super companies available administer carrier companies managing carriers fleets vehicles drivers further dashboard companies available basic functionalities position map table basic alarms alerts per carrier historical per carrier vehicle dashboard carrier subset dashboard where carrier track monitor own fleet position map table basic alarms alerts user driver develop application minimal alerts alarms presented visually driver architectural proposal details available confluence platforms link connected cars link hardware devices platforms azure programming languages squirrel hibernate node databases mobile client android client sprint demos available regards,Hardware,Access,0.9991326928138732,False
mail redirect for tuesday july redirect good morning mailbox has permanent redirect please change redirect instead thanks,HR Support,Storage,0.9991043210029602,False
am unauthorized access granted sent monday hi guys could you please let know added owner haven approved request thanks manager en,Hardware,Miscellaneous,0.9990869760513306,False
please set as project manager for project tuesday please importance high dear please except code thank best regards,Miscellaneous,Internal Project,0.9990272521972656,False
setup for thursday pm setup hi please attached filled out document repository setup provide please thanks application engineer ext,Internal Project,Access,0.9990116357803344,False
license allocation license allocation hi please order allocated bellow licenses per total number supported points per total number active per total active per proposed purchase per per per per additional information please let coordinator purchase po hi purchased ct adder licenses controller con upgrades adder licenses kind regards administrator,Access,Purchase,0.9990115165710448,False
please add new team joiners to common addresses wednesday november pm please add joiners common addresses importance high hello please add common addresses romanian regards leader,HR Support,Miscellaneous,0.9989952445030212,False
create project wednesday create hi please help create zephyr details attached thanks senior tester,Access,Internal Project,0.9989644289016724,False
access to train test db server via wednesday pm train test via dear please provide train test via please let details needed thanks tester registered under number whose registered old broad street kingdom provide clients each subsidiaries separate entity,HR Support,Hardware,0.9989006519317628,False
unable to approve requests properly due to error approval reply has failed to be processed by our system sent monday hello could you please check issue reported below advise thank you analyst sent monday re hi yes still happening nobody ever contacted would be better for them contact instead going through forward another example today regards manager relationship manager wrote hello writing you with respect issue you logged with about being able approve requests due getting error message would you please advise whether still issue for you colleagues believe should be resolved or give call cite reference number we take there thank you have lovely best regards analyst one largest multimedia publishers with award winning portfolio brands important notice including any attachments meant only for intended recipient also contain confidential privileged information if you intended recipient any reliance use disclosure or copying or attachments strictly prohibited please notify immediately by if you have received message by mistake delete attachments any views or opinions solely those author necessarily represent those or companies hereinafter referred tm tm accept liability for content or for consequences any actions taken basis information provided unless information subsequently confirmed writing although every reasonable effort made keep free viruses tm accept liability for any virus transmitted by or any attachments recipient should use up date virus checking software or address be subject interception or monitoring for operational reasons or for lawful practices parent companies registered with address one canada square canary wharf,Hardware,Miscellaneous,0.9987680315971376,False
new managed services creation creation hello create decent name approver profile,Access,Miscellaneous,0.9987112283706664,False
  friday march pm hi back cover has reason keeps displaying her under her old location please create handle he thanks thank administrator phone,Hardware,Purchase,0.9985612034797668,False
shutdown server during out of hours and replace ram multiple polls down multiple assets dear please initiate incident assign check if we have spare shutdown server during out hours check replace defect thanks sent thursday re multiple polls down multiple assets hello please be advised we had same issue last monday there problem with random access memory last events server multi bit memory errors detected memory device location cpu machine check detected perform cycle host polls have recovered polls proceeding with ticket closure best regards senior engineer en please consider environment you really need print sent thursday multiple polls down multiple assets hello please be advised above referenced ticket logged assigned your queue for below polls testing down could you kindly assist thank you kind regards analyst en ext,Miscellaneous,Hardware,0.9985429048538208,False
windows upgrade error update error hi you maybe you happen know proper information thank you sent friday update error hi when try update get following error you know reason thank you,HR Support,Administrative rights,0.9985384941101074,False
upgrade server to ram upgrade dear please initiate upgrade has approved by thanks senior consultant,Hardware,Administrative rights,0.9984867572784424,False
mail boxes boxes hi currently receiving these boxes closed traffic has diminished significantly monitor receipts leave saying recipient has left best chief officer,Storage,Hardware,0.9984619617462158,False
part time working code approval query wednesday action required entries hi guys please thanks tuesday pm fwd action required entries hi part working code due drop off thanks date action required entries task application take action links actions approve reject entries details assignee assigned date task number recommended actions entries card details card period status submitted card comments reported type code location task details absences location details days comments totals mon wed sat stop stop stop stop stop stop stop cost regular germany bench bench cost regular part working out due part working cost regular public holiday leave germany public holiday leave daily totals calculated type code location task details absences location details days comments totals mon wed sat stop stop stop stop stop stop stop cost regular germany bench bench cost regular part working out due part working cost regular public holiday leave germany public holiday leave daily totals related links comments display,HR Support,Miscellaneous,0.9983543157577516,False
idea is no longer working sent monday october idea longer working hi could you please investigate why license for idea longer working please following below users experiencing same issue kind regards engineer,Hardware,Access,0.998353123664856,False
re additional for re additional please log assign please thank october additional hi identified additional allowed configuration attached has raised far also make actions were involved initial setup effort shall coordinated thanks,Hardware,Internal Project,0.9983530044555664,False
set pm for oracle pas thursday pm please help setup code dear starting please add please create confluence user please add except code thank best regards agile next annual leave july,Internal Project,Access,0.998271942138672,False
change this bid manager thursday pm re appointed bid opportunity va digital automation phase hi variation has bid attached maybe initial had bid he received change bid contract id thanks officer thursday re appointed bid opportunity va digital automation phase hi opportunity thanks re appointed bid opportunity va digital automation phase bid work package please change whomever advises thanks appointed bid opportunity va digital automation phase hello appointed bid va digital automation phase order view opportunity add forecast please link opportunity id wish view opportunities which bid etc cd thank,Internal Project,Miscellaneous,0.9981722831726074,False
window reinstallation window reinstallation hello wanted reinstalled machine after upgrade had issues issue resolved thank,Hardware,Administrative rights,0.9981585144996644,False
dial codes dial codes hi having trouble finding dial details provide conf participation code thanks north,Hardware,Internal Project,0.9978538155555724,False
the same document on opens two different versions hello everyone version thank you much guys have hello good users latest version document could you check if you can latest changes best regards engineer en hello regarding problem with documents library enabled feature when someone edits documents approval starts until owner approve change other users latest version document documents process approval marked draft ones order for users changes owner must publish documents version if you need more assistance regarding matter hesitate contact best regards engineer en sent wednesday march migration hello please open ticket why we seeing same document differently thank you manager sent march re migration yes we looking same line know what wrong there thanks sent wednesday march re migration hi checked links appears be written there we looking same line excel thank you manager sent march re migration hi again reason previous because by version link attach you sent different names for owners above os maybe you have updated version yourself or cannot because or something sorry if bothering you sent wednesday march re migration hello worries always help latest version can be found here thank you manager sent march re migration sorry have old version catalogue thank you need ask you one more favor can you send updated version catalogue thank you again sent wednesday march re migration hi added him thread over you thank you manager sent march re migration greetings we re process migrating content legacy you listed contact person for catalogue can you please advise how proceed with moving our content your there any or something we can use job best regards have,Hardware,Miscellaneous,0.9978424310684204,False
access to wednesday pm denied importance high hi cannot user user directory update please problem asap equal thanks test lead,Hardware,Access,0.9977239966392516,False
remove users from pm cab application re app cab agenda hello please cab application please add owner added thank pm app cab agenda hello please find agenda today cab application staging deploy patch update sp kb failed none thanks,Hardware,Miscellaneous,0.9976696372032166,False
add somebody to add somebody hi kindly ask add billing billing thanks best regards,Access,Miscellaneous,0.9976580142974854,False
set up new windows pc set up pc,Access,Administrative rights,0.9975680708885192,False
delete outlook bookings for leaver wednesday bookings hi please delete bookings calendar done by she left cancel meeting room bookings thanks senior,Hardware,Administrative rights,0.9974964261054992,False
career development system provide access for november pm provide hello please provide currently displayed while accessing explorer chrome cleared cookies active please administrator more help allowed sign out thank senior tester,HR Support,Hardware,0.9974877834320068,False
users are unable to create meetings via outlook unable create meeting hello able create meeting getting error shown screen below thanks for your assistance kind regards fusion,Hardware,Administrative rights,0.9974619150161744,False
transfer data from leased to new transfer data leased,Storage,HR Support,0.9973303079605104,False
recurrent issue proxy automatically set up by domain policy network we updated proxy being set up automatically by domain policy hi received info ticket was resolved however engineers still have same issue proxy automatically set up their machines after each could you please reopen issue regards sent we updated proxy being set up automatically by domain policy ticket resolved fellow we think below query logged for you resolved we we did well your ticket details ticket reference summary proxy being set up automatically by domain policy description proxy being automatically set up almost each production machine by domain controller happens each when logs computer number times during turning out manually option run significantly hinder each employee their work since proxy blocks access any needed resources resolution was configured for avoid overlapping issues good know if you with provided resolution there need for response however should issue persist recur or was resolved please contact we our best provide assistance matter here how you can contact how we your ticket how we warm regards ext ref msg,Hardware,Miscellaneous,0.9969428181648254,False
mailing lists not expanding outlook sent monday november mailing lists expanding hi get error when trying expand mailing list attached please note error manifesting since last week thank you senior manager,Storage,Administrative rights,0.9968844056129456,False
reject oracle time card for period tuesday pm reject card period dear please reject card period displayed did receive card did tried reject encountered errors thus nobody reject card thanks analyst,Access,HR Support,0.9966804385185242,False
oracle database no access further on database access further dear sir madame point you can enter id password can access database via one con issue still ongoing side please check again thank you en with kind regards senior consultant frankfurt main frankfurt main notification fusion post upgrade issues resolved hello everyone please be advised previously reported issues related work schedule fixed you should be able submit your timecards if you were experience further issues please hesitate contact kind regards ext sent monday notification fusion post upgrade issues importance high hello everyone please be advised following fusion upgrade release some you experiencing errors related logging into application timecard work schedule we currently working resolve these issues we update you any relevant information available we apologize for any have caused thank you for your understanding kind regards ext,Hardware,Administrative rights,0.9965305924415588,False
oracle access request tuesday hi please help authentication user pass working regards,Hardware,Access,0.9963195323944092,False
new grades to be created grades created hi please create grades let once done approve thank,Access,Miscellaneous,0.9962579011917114,False
complaint ticket triggered erroneously sent wednesday february low satisfaction score for height adjustable monitor hello confirmed with scores below should have triggered complaint therefore please investigate or escalate if required please contact myself or for any further details depending their nature if questions related how complaints should be triggered would be most entitled information thank you best regards leader ext sent thursday low satisfaction score for height adjustable monitor please be advised height adjustable monitor one or more low satisfaction scores should be treated complaint score details overall satisfaction with provided by ability understand issue having repeat information about issue communication steps required for resolution taken by solve your issue effectively what influenced you give these markings communication steps required for resolution because was told needed create without any further details about but thing was quickly resolved by follow up after was told by item being worked overall very very satisfied thank you please initiate complaint ticket for follow customer feedback handling process ref msg,Miscellaneous,Hardware,0.9962390661239624,False
create new owners com wednesday february pm re owners importance high never mailbox please delete mailbox follow initial thank officer february re owners hello please advised created mentioned shared mailbox per instructions kindly note took setting owners mailbox owners owners please note process take until add profile please attached file additional information issues changes please remedy kind regards analyst ext hub friday february pm re owners hello please create named owners thank kind regards analyst wednesday february owners hi advised possible create approvers each confirmation by default please create owners include also add needed main location apply anywhere please further information thank officer wants documentation hello owners please approve contribute also require demand looking forward hearing thanks kind regards analyst ext hub pm wants documentation responsible testing candidates allocation shared excel file opened positions please approved by deliver by accept decline,Miscellaneous,Storage,0.9961786270141602,False
network issues issues,Hardware,Administrative rights,0.995900571346283,False
icon question pm pm regarding lock icons files pm minute call pm hey pm call pm pm se pare ca pot cine si complaints ca good dam merge pm ca pm si pm good pot pm eventual si ca known issue ca se thanks pm pm pm si pm la weekend fain pm pm regarding lock icons files pm minute call pm hey pm call wednesday re icon question hello please about regards discipline lead wednesday re icon question hi keep noticing everywhere instance location icon appeared after replaced old version app saved same happens throughout site owner thanks leader wednesday re icon question hello please location where locked best regards engineer tuesday pm icon question hi guys requires please let lock means certain thanks leader,Access,Hardware,0.995705783367157,False
bamboo bamboo hi please log queue weeks bamboo setup builds deployed contain updated even seems code merged successfully packaged without errors application needed provide more details about issue encountered thank,Hardware,Internal Project,0.995405912399292,False
access to the resources wednesday please hello please his resources also configured configured wired by out networking members by created wireless reservation his machine his reserved thanks kindest regards engineer re hello please starting morning having problems connecting cable attached wireless adapter cannot thanks senior developer tuesday pm hello glad let granted requested please kind test let results thanks kindest regards engineer hello please find queue thank analyst ext hub friday pm hi please required within nexus nexus confluence confluence wireless also require thru cable has thanks senior developer,Hardware,Access,0.9952332377433776,False
external delivery to fails sent thursday november hi groups below have created but we have trouble using them outside client receiving errors when trying send groups below can you help with issue please regards senior tester sent thursday november re hi think we need list we already have similar groups for our groups should be similar type these two thanks senior tester sent thursday november hi order proceed with your request we need few more details there two types groups shared mailbox added additional mailbox under one personal mailbox come separate mailbox only list users added client can send come personal mailbox members included list could you please let know above options you need thank you analyst ext hub sent thursday november sa existent si sa care sa care sa test care sa care sa integration care sa sa ne senior tester,Hardware,Storage,0.9948506951332092,False
wrong account details outlook sent thursday october wrong details hello guys please note there problem with details job title location could you please correct information displayed with following details title safety officer location center thank you for help provided best regards safety officer,Miscellaneous,Administrative rights,0.9948443174362184,False
report generated for maternity leaver after the leave date sent thursday november please action direct reports hi can you please help with something maternity leave left be able fill data can you please make correction or redirect someone can help with thank you head sent thursday november please action direct reports dear manager part established processes each required submit his weekly basis each friday for past week must be submitted for approval you receiving because some your direct reports haven followed process please help cascade accordingly gets possible below breakdown your direct reports manager country for for date total days,Miscellaneous,HR Support,0.9947691559791564,False
oracle fusion app failed sent thursday march cursor issue cursor laptop seems have tracking problem vibrates moves own volition across screen conference today but would like someone look probably need grab someone today sort addition could someone send instructions how rectify issue with thru fusion app tells failed need check server name name password best chief officer,Administrative rights,Hardware,0.9944308400154114,False
access to mailbox mailbox hello please disable forwarding mailbox disable his required anymore thank regards leader,HR Support,Storage,0.9943912625312804,False
connect devices to switch on th floor thursday october pm connect devices switch floor hello please log connecting ports comes thank great engineer ext october re connect devices switch floor hi these ports floor thank october re connect devices switch floor hi about connecting assets dedicated switch because these devices cannot connected directly switch connect other users please write best regards senior engineer thursday october re connect devices switch floor hi thanks lot helping kindly ask also allow user his also user requested his allowed status also please verify user has thank phone wrote hi yesterday according moved switch floor floor today help connect devices specified switch floor best regards senior engineer,HR Support,Hardware,0.9943519830703736,False
new project request march pm hello please help setting called contain add hopper zephyr also please setup create sprints add items plan show client whom think possible asap thank senior tester,Miscellaneous,Internal Project,0.9942956566810608,False
add as expense approver for the account wednesday july pm re permission client also please add expense approver moment thank wednesday july pm re permission client hello please informed successfully granted requested further assistance hesitate kind regards engineer july permission client hi please provide client permissions level picture picking role thank kind regards,Access,Miscellaneous,0.99428790807724,False
reset password for external contact friday site requesting links site manage setting site cannot environment after user note site site site provides central storage collaboration information ideas site tool collaboration tool communication meeting tool decision making site helps groups work teams social groups share information work together example site help coordinate calendars schedules discuss ideas review proposals share information keep touch other sites dynamic interactive members site contribute own ideas content well comment contribute other information confidential legally privileged intended solely addressee opinions expressed mine necessarily represent opinions susceptible interference intended recipient disclosure copying action taken omitted,Access,Hardware,0.994151532649994,False
access the hello purchase requisitions area entities thank sector specialist,HR Support,Purchase,0.9941228032112122,False
backpacks request for interns backpacks interns hi guys backpacks interns tower possible because often meetings which held building interns top priority thanks tester,Hardware,HR Support,0.994080364704132,False
issues accessing his outlook confluence had issues accessing his confluence can access his machine with his domain password but locked out other applications have reset his password can access them end please note win know if relevant or his seems fine saw issues when attempts log into another computer gets same result,Access,Administrative rights,0.99397873878479,False
returning employee access card needed re returning hello please card enabling assign queue thank engineer ext re returning hi confirmed equipment active he continue his work thing remains card which needs activated let fill form forward activate card without regards head ext wednesday pm returning dear kindly advise updates regarding attached threads expect starter form order close leaver tickets amendments made looking forward hearing thank much kind regards analyst ext hub tuesday pm returning hi visible ad active added several groups happened yesterday find please let intervention best regards analyst ext hub pm re returning hi please refer attached thread regards pm returning hi given please advise return tickets logged his date nor advising about his existent ad moment best regards analyst ext hub returning hello has left decided return he noticed he log his machine because his has expired please re enable his ad user other assigned accounts thank engineer ext,Access,HR Support,0.9939537644386292,False
unable to delete the documents unable delete documents hi dear could you please log ticket for thanks sent wednesday november unable delete documents hi face same issue with bellow document opportunity id help officer sent wednesday november unable delete documents hi could you please investigate why unable delete contract although contract initial draft stage contract id ca your prompt be highly appreciated officer,Hardware,Miscellaneous,0.9938236474990844,False
can read encrypted internal hi ask relevant outbox earlier today subject re configured tags properties checked encrypt contents attachments arrived presumably automatically decrypted him question content attachments were attachments particular actual content sensitive testing because about understand content left outbox easily find how content appears administrator interested results too kind regards information compliance officer extension,Storage,Hardware,0.9933503270149232,False
server issues server issues dear please log ticket with appropriate if issue or server issue either or assist with build problems we facing issues follows whenever we need build machine work if machine still ad but ad know we need remove them but unless we remove them ad well work build also work try if we try use full install option wizard fail during loading screen after you select version you want install get second part wizard one where you get select etc restart before order rebuild machine we need use naked install only afterwards full install work available for any questions issue feel free contact for any clarifications thank you kind regards engineer en,Hardware,Administrative rights,0.993043839931488,False
upgrade ram and cpu for a machine friday upgrade cpu machine importance high hi teams machine based raised several times concern machine needs updated cpu serve needs developments struggled lately understand upgrade several machines kindly ask machine also upgrade number machine please let actions take order approved due thank,Hardware,Administrative rights,0.992703914642334,False
cable cat cat va pc,Hardware,Purchase,0.9925456643104552,False
problems after changing the domain password problems after changing domain password dear today have changed domain password but getting authentication form for meeting room have tried multiple times enter credentials form but again again removed credentials credential manager but help wanted find article one but again cannot could you please help with thanks consultant,Access,Hardware,0.9924431443214417,False
request for quote project tuesday november pm quote hi please log bellow thank administrator october pm quote dear please provide quote items thank regards infrastructure ext,Purchase,Internal Project,0.9914173483848572,False
new starter access card enabling bucharest friday pm se va va ne si el va va la specialist blvd floor district,Access,HR Support,0.9913697242736816,False
new starter please assign license,HR Support,Access,0.9912092685699464,False
internal audit forbidden software en sent monday forbidden software hi have checked report with forbidden software generated please find report here looks like there still some colleagues having games or based file sharing file store clients installed assets can you please send another reminder ask them remove these forbidden applications thanks,Hardware,Administrative rights,0.9910851120948792,False
please add to to integrated planning thursday pm integrated planning hello got today did hunch thanks thursday pm integrated planning dear doing well contacting regarding upcoming integrated planning which scheduled amsterdam please find attached event agenda great combination experts over sharing views interactive study presentations workshop panel discussions key topics discussed reassessing role organizations how push process continuous improvement big enhance demand driven forecasting planning journey towards maturity predictive how planning take advantage more panels comprised senior professionals several years experience manufacturing prestigious companies more event link parity sop integrated planning currently running bird discount event price valid until friday questions feel free directly otherwise expecting professional feedback colleagues amsterdam best regards coordinator corporate parity parity,Storage,Hardware,0.9909403324127196,False
new request ms its snow support pm re hi part include yet take care once she begins name please snow thanks re hello thank idea definitely wish part believe well perhaps add too since she involved processes also perhaps more oriented name chosen make comply best practices naming convention concerns fine thank best regards leader ext pm hello awesome please create called snow ladies containing users please let part well best regards analyst community builder ext hub,Hardware,Miscellaneous,0.9908526539802552,False
unable to create meeting add account outlook unable create meeting add for,Hardware,Administrative rights,0.9908134341239928,False
issue sent friday october re issue hello would like be added groups employees added regularly line manager thank you sent thursday october re issue hello thank you for writing regarding below before we can log request process further please advise exactly lists shared mailboxes you need be added attached you line written approval best regards analyst community builder ext hub sent thursday october issue hello employee contract started th october observed colleagues receive lot usually receive anything talking about or individual mean represent interest for everyone think haven added some if possible appreciate be added be updated with information thank you,Hardware,Miscellaneous,0.9907972812652588,False
is not starting up starting up,Hardware,Administrative rights,0.99079167842865,False
new client into network client hello writing order arrived client by please find addresses thank best regards tester,Access,Hardware,0.9898896217346193,False
now account chow chow,Miscellaneous,Access,0.9897088408470154,False
set up periodic tickets for periodic tickets hello schedule every st every months tickets opened sn requested category category pc sub cat hardware peripheral single summary room assignment summary room assignment summary room belfast assignment belfast summary room manila assignment assignee owner summary room assignment assignee owner microsecond summary room assignment assignee owner microsecond summary room assignment assignee owner summary room singapore assignment assignee owner singapore summary room shanghai assignment assignee owner shanghai thanks kind regards,Hardware,Miscellaneous,0.9897084832191468,False
poll flow full status down poll flow full status down poll output partition flow over threshold,Miscellaneous,Storage,0.9894355535507202,False
audit access cards july pm re available available care se va care ca ca available si available date va available july available va ne care la ca va analyst ext hub,Access,Hardware,0.9889967441558838,False
update for windows fails to install sent tuesday update for fails install hello encountered issue when trying check for updates for update was available for install but when trying install fails update error code update ran into problem displayed please check for pictures attached can you help please let know if you need more details thank you tester en,Hardware,Administrative rights,0.9889432191848756,False
outlook error sent tuesday july error hi getting following error message there problem with proxy server certificate certificate trusted certifying authority please find attached for more details could you please help solve issue thank you software tester en,Hardware,Administrative rights,0.9888291954994202,False
service now new service request non service friday february pm hello please create named possible create automatic routing then perfect other details please let thank ext,Access,Miscellaneous,0.9884085059165956,False
com domain registration registration hi please log change order add records related logged by thank let require other details side kind regards leader,Purchase,Miscellaneous,0.9882491827011108,False
cannot access archive folder sent thursday archive hi guys morning receive following error message when try access archive within can you please assist thanks client manager,Hardware,Storage,0.9879518151283264,False
frankfurt problems sent wednesday february frankfurt problems hi please raise ticket for investigate frankfurt line connected duplex best regards senior consultant infrastructure,Administrative rights,Miscellaneous,0.9879266619682312,False
read access to discipline architecture for wednesday november site requesting links site manage setting site section note site site site provides central storage collaboration information ideas site tool collaboration tool communication meeting tool decision making site helps groups work teams social groups share information work together example site help coordinate calendars schedules discuss ideas review proposals share information keep touch other sites dynamic interactive members site contribute own ideas content well comment contribute other,Miscellaneous,Hardware,0.9878345727920532,False
for fails to connect to exchange for fails connect hello for fails connect please find below error message only feature currently working conversation history view able chat meetings can you please help fix issue thanks best regards tester,Administrative rights,Hardware,0.9876826405525208,False
event notification ground floor main door open sent wednesday march event notification data event ground floor main door open source cafe details details details,HR Support,Hardware,0.9872209429740906,False
pixel on live tuesday july pm pixel hello please queue thank july re pixel hello activated pages mentioned want please let best regards tuesday july pm re pixel hi please turn within these pages more locations location pages example locations central etc think forms let test thank best date tuesday july re pixel hello pages want activate pixel also forms please let which filled thank tuesday july pixel hi please enable pixel environment test active campaigns way gather much more audiences thank best,HR Support,Hardware,0.9868766069412231,False
access to vacation file hello please module also needs work her vacation regards leader,Storage,HR Support,0.986799955368042,False
oracle to po tuesday po bun reg la cum transform po reg mind map purchase requisition file video how create purchase requests receipts esc ca transform po thursday july pm update hello everyone great started benefits bring inevitably had issues particularly around performance doing best work these quickly possible want help everyone out updating materials receive feedback these materials particularly yet logged materials recently added links take right more mind map covering process more mobile app android instructions how mobile app update details added document explaining how update details make please log possible more mind map fundamentals important considerations details expenditure categories expenditure video how manage updated video functionality has made available order manage find functionality under section classifications important attributes update induction presentation has prepared taken recently mind map fundamentals tasks members costs coming these coming next once migrated legacy balances reconciled position also issues around viewing reports recorded unrecorded again working resolve issue update next haven logged yet please today log please continue provide feedback helping improve experience everyone having difficulty accessing please thank continuing registered under number whose registered old broad street kingdom provide clients each subsidiaries separate entity has liability entity acts,Hardware,Purchase,0.9866955280303956,False
change on assets friday pm assets hello off thanks flagging issue upon further testing found present image task sequence quite while colleague has alleviated issue thanks intervention unfortunately changes retroactively luckily identical daylight daresay re shift anytime furthermore while changing requires which users nonetheless changing zone trivial users per order adjust athens zone choice required please also log his kind assistance image changes required please also help disseminate information proceed close more help hesitate thank great weekend ahead engineer friday pm assets has assigned hello please advised record number has assigned please review details take appropriate action reference number details requested location summary assets additional comments requirements friday pm re zone hello cannot reference thus suggest log follow process impact due fulfillment amendment needed related image then take regards leader friday zone hello user complaining coming instead setting image wrong during install hello did attention tried discussing issue hello issues clear means investigation escalated cannot then thank best regards client friday pm zone hello everyone please advise thank kind regards analyst ext hub friday pm zone meeting la zone loc ti pare default vin pare la alt assign reference assignment summary location please link kind regards ref msg,Hardware,Miscellaneous,0.986607551574707,False
leavers service now various locations please colleagues left had license thank kind regards,HR Support,Access,0.9865478873252868,False
access to project thursday pm va si lead,Hardware,HR Support,0.9864018559455872,False
acrobat acrobat hi needs acrobat pc please let license create information install software received thanks senior engineer ext cell upcoming days off february december phone number please consider environment print,Hardware,Access,0.986233115196228,False
created external contacts project setup february pm setup hello create agile currently code kicking off today tomorrow attached setup form appropriate information digital solution architect pm hello pm hello thanks helping out creating code pm problem want pm code pm pm please pm received thing pm pm thank much pm created issue please pm add users myself pm future references please form found policies forms fit policies fit procedures pm absolutely pm users create user pm pm log created by colleagues had bit spare task helped out pm attach these kill pm pm created please note future reference cannot urgent tickets resolved per pm possible allow administer pm allowed administer console pm okay pm require user added added afterwards pm add pm create added unclear pm create separate log pm log won separate pm creating accounts pm thank understand normal process typically take due days challenge saved conversation conversations tab conversation history folder pm created users passwords ones pm thank much pm also added user section enable rights fit re pm awesome add,Access,Internal Project,0.9860316514968872,False
account request pm va la,Hardware,Access,0.9853192567825316,False
neon database restore request thursday neon database restore hi please production neon circulation database restored database asap software developer mobile,Administrative rights,Hardware,0.984816312789917,False
caps pilot no longer start every day during hours caps pilot longer start every during hours seems our environments longer start automatically during hours should start automatically during hours caps caps pilot caps pilot caps pilot other caps should be started by manually exception rule caps docs must be please re enable scripts automatically start specified during hours kind regards,HR Support,Hardware,0.9841119647026062,False
create new project october pm creation hello created please required document thank senior tester,Access,Internal Project,0.984024941921234,False
oracle fusion is not working message unplanned outage sent friday july fusion working message unplanned outage please attached image fusion site working cannot fill manager en,HR Support,Hardware,0.983596682548523,False
create project outlook create hello please create members thank best regards,Miscellaneous,Internal Project,0.9835669994354248,False
approval flow issues sent tuesday december re approval flow issues thank you cornel for raising issue reiterating cornel question please launch investigation bod understand why happening verify have rights accesses per other documents investigate why bod employees receive welcome message their st thank you sent monday december approval flow issues ladies there least developers have made recently requests for annual leave arrive because part approval flow remember same happened ago with another one developers think systemic issue since hire dates for them dec could we please launch investigation with understand why happening there zero way for know whether there other cases happening really like know when annual leave requests made thanks head,HR Support,Miscellaneous,0.9831047654151917,False
new outlook belgrade leadership december pm dear please create named containing members thanks unit,HR Support,Administrative rights,0.9827952980995178,False
service support description pas re description la hello please location thank respect thursday october pm re description pot link se pare ca merci thursday october pm description hello prepared draft description appreciate bring inputs document suggestions require additional clarifications please let also schedule call over details thank,HR Support,Hardware,0.9826194047927856,False
new contract to be uploaded sent wednesday contract be uploaded hello can attach submit for approval document even if press next stage move next help thanks head,Hardware,Miscellaneous,0.9824520349502563,False
former interns ad accounts interns ad accounts hi guys bellow employees formerly attendees testing internship program had ad accounts suspended offered work contracts employees starting today please unblock accounts advise how proceed thanks test consultant ext,HR Support,Access,0.9823871850967408,False
replace pm for oracle replace pm hello appears pm she involved while please replace her pm further details required please let thank,Miscellaneous,HR Support,0.9814645648002625,False
oracle booking problem sent monday march booking problem hi cannot book unresponsive whichever click book open tried with chrome thank you,HR Support,Hardware,0.9813129901885986,False
user cannot access the self service portal cannot access self portal hello please have look incident we logged thank you best regards analyst,Miscellaneous,Hardware,0.9811447262763976,False
re access oracle test re access test hi still cannot access test instance thank you regards accounts receivable accountant sent wednesday access test hi please access test instance test faces null ctrl thank you regards accounts receivable accountant,HR Support,Hardware,0.9808628559112548,False
request for connection hello intern tester reasons work perform tasks by deadline ask allow thank best regards intern tester mobile,HR Support,Hardware,0.98067444562912,False
oracle multiple confirmation messages for logged time multiple confirmation for logged hi every member logging his her receiving confirmation instead one can you investigate solve please regards manager,Miscellaneous,HR Support,0.9805312752723694,False
errors oracle sent tuesday re errors importance high hi adding error received adding head sorry but nonsense keep sending you errors you keep ignoring be able approve until cut off working month there holidays coming manager sent tuesday errors importance high hi cannot continue working with way please below some examples issues experiencing with third have sent you matter until manager,HR Support,Hardware,0.9800335764884948,False
remove invalid address invalid hello has changed since then receive colleagues receive ex salary note please old completely make user thank,Access,Hardware,0.979903519153595,False
oracle procurement preparer role needed for louden preparer role needed hi kindly assist kind regards functional analyst thursday pm preparer role needed hi please preparer role please possible kind regards administrator,Access,HR Support,0.978980541229248,False
access to en hi transition device number please provide number appreciate resolution issue thanks,Purchase,HR Support,0.9778643250465392,False
upgrade ram on upgrade hi upgrade additional member myself please proceed thanks tuesday upgrade hello teams upgrades lap tops additional order perform related testing please organize upgrade thanks,Hardware,Administrative rights,0.9770845770835876,False
new team audience for project tuesday october pm audience hi guys please help out by setting information name audience type audience members administrator thanks,Miscellaneous,Internal Project,0.9769273996353148,False
oracle time card blocked card blocked hello for status error can please unblock thanks,HR Support,Access,0.9767788648605348,False
monitor allocation thursday february pm hi purchased these pro retina intel keyboard apple monitor apple mb keyboard mouse please create two installation monitor please perform po too administrator phone,Hardware,Purchase,0.9761905074119568,False
file share access to infrastructure share sent tuesday march re update file share access hi guys could you please provide access managed access need be same mine please treat request matter urgency thank you senior infrastructure consultant sent march re update file share access hello can you incident please also need access location managed kind regards senior server infrastructure engineer infrastructure sent tuesday february re update file share access hello still unable access shares could you check please regards senior server infrastructure engineer infrastructure sent february update file share access dear further our recent communication we believe your below query resolved if you with resolution there need for response however please let know if we can be any further assistance matter please note interactions between clients regularly monitored order make high quality maintained reference number summary file share access resolver belgrade resolution details can access infrastructure share share description sent wednesday february file share access dear please can you allow access file share like for other senior per colleagues here these two most required infrastructure share share best regards senior server infrastructure engineer infrastructure kind regards ext hub ref msg,Storage,Hardware,0.97592294216156,False
issues connecting to mail server friday issues connecting hello installed updates android mobile phone galaxy connect anymore steps reconnect thanks,Administrative rights,Hardware,0.9754177331924438,False
request for apple developer account apple developer hi understand help apple developer marketplace let how proceed order add colleagues thank friday re apple developer hello thank proposal during meeting happening today discussed recycle map proposal review let few apple accounts hopefully serve needs advise getting touch subject also colleague assist keen more about marketplace initiative keeping touch god pm apple developer dear please find attached form apple developer let other information needed beside ones document thank,Access,Hardware,0.97530859708786,False
increase disk size for web tuesday pm secure transfer big packages hi please help additional performance per discussion additional production database copy transferred machine additional information please let thank,Storage,HR Support,0.9751535058021544,False
access to pas for read only access wednesday hi kindly provide update asap immediate attention resolution much needed highly appreciated head re hi scenario deal big pool different individuals every ensuring guess has supervising taking responsibility actions contractual commitment regarding confidentiality indemnities against damages arising then approve creation shared caveat log assigned make restriction prevent logging etc means cannot log other screen keyboard also shared comply policy requirement changed least every days think pain believe much other find random generator excel spreadsheet randomly tips creating strong passwords guide setting more memorable based words biggest concern about personal auditors accessing future view personal part activities restrict view without preventing doing job guess question yet issue fin module contains details stage backwards step think best way subject future requests ad sounds contain ad accounts existing auditor per also spare allocated auditor please interactively screen keyboard computer other kind regards re hi thanks help highly appreciated permanent auditors consist these two auditors more big pool different individuals every want created these two because ongoing process were different called these plus more future etc efficient way mobile enable while traveling locations kept by let under supervision clarifies matter head re hi perhaps generic wrong word better known shared by more than person must known more than person generic shared interchangeably which perhaps help members employees own folders different required level auditors must given via individually assigned accounts effectively becoming contractors supervised by supervising efficient appreciate member conduct activities separate want separate two own same user simultaneously auditors must gain agree temporarily permanently assigned hand along individually assigned log relevant how two auditors accounts other auditors similar term short periods sounds longish term please create accounts two auditors suggested await then suggest create ad called add two auditor accounts give relevant dedicated folders ad accounts created other auditors members added same give same required sounds two auditors engaged duration disable date yet kind regards re did ask generic constantly by myself bounded has right within purposes head re hi keen providing generic shared providing named accounts auditors fine await possible provide these accounts sayst possible whichever site auditors folders where stores client contracts obviously these accounts activated period needed probably extended days times then disabled required these course has also spare auditor hopefully available contingent please ask generic accounts critical especially by parties fully supervised which well work supervising party computer logged supervising party think auditors mean understand importance associating even individuals performing realise how inappropriate generic let how these user accounts needed please kind regards information compliance officer extension importance high hello please provide believe requires generic auditors kind regards analyst ext tuesday wait importance high hi kindly give create by various members guest designated also provide which remain also require kindly arrange asap middle work contracts information urgently immediate attention highly appreciated head await re hi haven got purpose requested same well let issues regards await re thanks id give then wrote hi provide id thanks re provide ad user ids copied also wrote hi auditors ensure executed copies contracts etc provide give trail ensure updated records regards ext mob glee zone,Access,Hardware,0.9748456478118896,False
not receiving vacation request sent thursday march hello can you please advise why vacation request come approval others members thanks best regards manager,HR Support,Miscellaneous,0.9746348261833192,False
ground floor left door open sent october event notification data event ground floor left door open source cafe details details details,HR Support,Hardware,0.9743786454200744,False
upgrade ram could you please upgrade for laptop please assign ticket thanks,Hardware,Administrative rights,0.9739102125167848,False
block domains wednesday pm re attached delete after thanks forwarding content own malicious converted format please add these kind regards,Hardware,Miscellaneous,0.9727847576141356,False
mailbox sync issue com sent wednesday march urgent mailbox sync issue importance high hi unplugged cable having attached issue times clicked send receive repaired mailbox but still won connect while you look into having sync issues every unplug cable move meeting room where use can usually connect back after minutes what can about well thank you officer,Administrative rights,Hardware,0.9726295471191406,False
adding generics for start up project codes sent thursday november adding generics for start up codes hi please could someone your check why cannot add generic member codes seem like does display option for them maybe matter access rights added generics for them round but would like make available directly them for future rounds please log ticket thank you sent thursday november re grade si start up ca regards sent thursday november grade si start up sa ne si sa start up sa face forecast si member generic sa ne grade si si grade engineer si technician officer,Internal Project,Hardware,0.972468912601471,False
insecure passwords sent monday july re insecure passwords hi we should go with options change passwords added also have access restricted ops networks thanks incident manager sent monday july insecure passwords importance high hello could you please advise below looking forward hearing you thanks kind regards analyst ext hub sent monday july insecure passwords hello devices through accessible by every employee have insecure passwords could you please advise whether we should change default passwords or could you restrict access only thank you engineer ext en,Access,Hardware,0.9724026918411256,False
oracle time awaiting withdrawal approval awaiting withdrawal hi had planned vacation which approved because unforeseen circumstances had cancel record awaiting withdrawal cannot enter regular please awaiting withdrawal record thanks,Miscellaneous,HR Support,0.971777081489563,False
new starter form for team server net wednesday pm starter form hi once has created please proceed creating providing per please mind her date confluence environments stag test test test test license mentioned visual studio license studio add her key vacation requests update version mentioned found thank mobile wednesday pm re starter form hello starter best regards senior developer wednesday pm starter form importance high ext,HR Support,Access,0.9717312455177308,False
install friday re kind hello thank help install how thank regards leader kind hello respect please path cd key order install said resource machine license key require further assistance due gladly give helping hand kind regards analyst ext hub friday pm re kind thank kind hello please approve kind regards analyst ext hub friday kind hello please help install pc creating procedures thank regards accountant kind hi please install work near back once done thanks head,Hardware,Access,0.9717044830322266,False
pas client write access client write hi please based assign thank best regards engineer friday november pm re client write please take thanks head friday november pm client write hi help pipeline please approve client supervised by worry needs st thank programme officer,HR Support,Internal Project,0.971032977104187,False
unable to connect network printer tower th floor sent friday unable connect printer tower th floor hi unable add printer need printer tower th floor thank you software developer en,HR Support,Hardware,0.9709805846214294,False
add to wednesday pm re call action add users clarification please add thanks phone wrote hi please help addresses code best regards,Hardware,Miscellaneous,0.9707484245300292,False
shared calenders issue sent monday february shared calenders can open some shared calendars can open mob en,Hardware,Storage,0.970331072807312,False
critical alert original message sent wednesday critical alert following alert occurred status active description tape failed failed perform operation since tape free tape available tape library based for more information open administrator console review alert details monitoring task area,Hardware,HR Support,0.9701592326164246,False
service request com hi enable members also guidance how thanks,HR Support,Miscellaneous,0.9698171615600586,False
access rights rights hi starting today colleague he needs rights please rights user tester roles store active rights mailbox thank lead,Access,Storage,0.9692036509513856,False
external access to address friday pm hello help please received has failed these groups because restricted more information about issue code next holiday,Hardware,Internal Project,0.9691190123558044,False
unable to print expense report oracle sent tuesday unable print expense report hi doing about approval click line without opening turn actions print preview get empty file attached can you help with thank you,HR Support,Miscellaneous,0.9690822958946228,False
absence requests approval notifications for direct reports sent tuesday hi colleague sent his annual leave by because ultimately after submitting resubmitting his requests there was other way for know these dates line his manager manager still his requests reach we have same situation exactly same with requests can you please check what happening thanks manager sent tuesday consultant address blvd th floor district,HR Support,Miscellaneous,0.969001829624176,False
saturday access tuesday february saturday hi please regarding assign queue thank engineer ext february saturday hi please prolong saturdays until probably leave earlier more everything please done best director,Hardware,HR Support,0.9688971638679504,False
assigned to extension calls issue issue still persists sent monday tell how we can improve ticket feedback related hello thank you for taking give feedback let know how we can improve you mentioned issue still resolved you still getting calls checked tickets have under your name found two them related similar issue your assigned number showing missed call for other resolved could you please be kind look into issue reported by either re open ticket or create one meantime feedback ticket also be assigned appropriate leader for further investigation ticket closed although issue still persists please hesitate let know case you need further assistance or information gladly help best regards customer care en,Hardware,Miscellaneous,0.968673825263977,False
create project and job for create job eel hello please rise tickets per assign create job eel create job kind regards engineer,Access,Miscellaneous,0.9677555561065674,False
cannot access one com resources wednesday pm cannot resources hi receiving error doing wrong thank,Hardware,HR Support,0.9676265120506288,False
oracle visibility of costs charged to wednesday visibility costs charged morning help please right details re costs charged which please purchase requisitions etc links window attached moment thank head,Hardware,Purchase,0.9675586819648744,False
licence has been removed your membership for changed inca va sa si sa ca el sent friday december your membership for changed you removed manage your customer forums creative you removed hi your creative membership ended if you think was error please contact your administrator if you re interested signing up for individual creative membership we welcome you learn more thanks much for using creative your view details about your logo either registered trademarks or trademarks incorporated states or other countries incorporated rights reserved incorporated ave san ca,Access,Hardware,0.966951072216034,False
alerts original message sent monday november critical alert following alert occurred status active description tape failed failed perform operation since tape free tape available tape library based for more information open administrator console review alert details monitoring task area,Hardware,HR Support,0.9664818048477172,False
roaming ad no longer required pm re roaming profile ad hello please ad delete roaming profile kind regards roaming profile ad hello updates thank analyst community builder ext hub friday roaming profile ad dear performed ad accounts yours containing roaming profile please advise setting roaming profile ad please provide justification looking forward hearing best regards analyst community builder ext hub information confidential legally privileged intended solely addressee opinions expressed mine necessarily represent opinions susceptible interference intended recipient disclosure copying action taken omitted taken reliance strictly prohibited unlawful received error attachments,HR Support,Access,0.9662744402885436,False
feedback oracle po flow feedback po flow hello please log kind regards analyst tuesday october feedback po flow sad feedback head requisition conf split vine ca cost split screen si si best regards,Hardware,Purchase,0.9661489129066468,False
tasks sent july tasks hi guys trying enter for week against code however task list available have set up task but cannot when try enter can you please look into thanks,HR Support,Internal Project,0.9661168456077576,False
remove user from service now tuesday pm user hello please cab infrastructure believe he recently added by mistake by copying cab member rights setting thanks change,Access,Miscellaneous,0.9659627676010132,False
subcontractors can access thursday pm re subcontractors more whole users thank best mobile thursday pm re subcontractors hello guys got more users best mobile,HR Support,Hardware,0.9656973481178284,False
leaver process leaver process hello investigate listed users reasons active please call thank wednesday leaver process discussed re leaver process hi discussed call please examples user deactivated please let feedback kind regards head appointment tuesday leaver process thursday pm pm athens where create meeting room floor dear call discussions related leaver process thank kind regards sox controls ole object picture device independent ole object picture device independent ole object picture device independent join meeting trouble joining app join by phone english kingdom colombia english kingdom denmark english states finland english kingdom germany english kingdom english kingdom macedonia english kingdom english states english kingdom norway english kingdom english kingdom english kingdom sweden english kingdom kingdom english kingdom states english kingdom test english kingdom kingdom test english kingdom find number id forgot dial pin help,HR Support,Hardware,0.9654926061630248,False
access hello ask verify configuration tried unsuccessfully thank engineer,Hardware,HR Support,0.9652047753334044,False
oracle time card issue sent friday card issue dear please assist card issue colleague resigned week his last working was however found logged st days well could you change order approve appropriate card also question what was required be logged case without days filled can be submitted screen below,Access,HR Support,0.9650911688804626,False
token error sent monday error importance high hi trying setup up laptop but have encountered number issues can you can fix for firstly cannot for working secondly get error below when clicking token have checked for does exist computer kind regards,HR Support,Hardware,0.9642931818962096,False
hr us list friday pm hi please assist process changes let kind regards friday pm re thanks agree suggestion please proceed thanks regards hi onboard thinking amend follows structure members proposed structure act back needed let thoughts kind regards,Hardware,Miscellaneous,0.9641682505607604,False
create expense items spreadsheet error sent monday create expense items spreadsheet error hi having issues again when trying access create expense items spreadsheet function seem be working kind regards administrator,HR Support,Hardware,0.9635311365127563,False
service now question question hello question how clone existing configuration item thanks senior infrastructure consultant,Access,Hardware,0.9632607102394104,False
stuck job sent tuesday stuck job hi have jobs seems be stuck status pending waiting for next available executor for hours can you take look thanks,Miscellaneous,HR Support,0.963257372379303,False
its area clean up en phone area clean hello please kind log each assets attached reallocated these tickets assigned colleagues take care physically removing assets area thank best regards leader,HR Support,Purchase,0.9632428288459778,False
code change code change hello have problem when introducing hours for last week after select options for introducing hours when code for last days thursday friday code changes with one second thank you,Internal Project,HR Support,0.9621497988700868,False
new pas access for projects and clients october pm clients hi please clients belonging moment code thanks upcoming holiday october floor blvd district,HR Support,Internal Project,0.9615949392318726,False
obi access thursday pm obi hello please provide center currently receive needed weekly tickets report consolidate thank clearing analyst,Miscellaneous,HR Support,0.9608415365219116,False
oracle error error hello there issue with one submitted for approval error message generated there possible way interact with insofar reject approve please error below please route relevant projects lead,Miscellaneous,HR Support,0.9605875015258788,False
your is ready tuesday thread ready hello guys believe legit poses thread cheers ready hello latest currently performed arc document thank,HR Support,Hardware,0.960310399532318,False
carried over allowance sent thursday february ca si cum analyst,HR Support,Hardware,0.9602278470993042,False
oracle fusion pm allocation tuesday july pm pm allocation hi went steps document date pm hit done thus cannot add pm two codes please advise how proceed also pm maternity leave cannot changes herself please assist thanks july pm pm allocation hi please advised pm needs make these changes attached user guide how perform assist please let thank analyst ext july pm pm allocation hi please change approver thanks next holidays july registered under number whose registered old broad street kingdom provide clients each subsidiaries separate entity has liability,Miscellaneous,HR Support,0.960218071937561,False
db backups needed for staging deploy wednesday pm backups needed staging deploy hello please log please create backups staging database backup core jobs databases tomorrow please let backups ready thank kind regards application engineer,Access,Hardware,0.9597444534301758,False
downloading copies from setting is not available si cum pot important view ribbon la library si ca owner folder merge individual oh god merge file explorer si merge ti pot ca ca la ah se la cine si owner tot ca la super si pot si la se,Storage,Hardware,0.9592467546463012,False
raid controller module replacement controller replacement raid controller module replacement controller replacement hello please raise low incident for raid controller module replacement moment controller works with module supports maximum one disk third party did bring last saturday module supports disks controller replacement controller was brought last saturday was faulty card issue going schedule change for saturday for physical replacement third party be thank you engineer managed phone,Access,Hardware,0.9591504335403442,False
users to be inactivated users inactivated hi several users inactive active which means log please help disabling attached please thank analyst,Access,Hardware,0.9577590227127076,False
temporal of pas buzz points temporal buzz points hi kindly give leaving vacation please modify regards colombia,HR Support,Internal Project,0.9567896127700806,False
information regarding physical access enquired she receives report regarding her history tower july pm tower si va tower si ultima exact best regards accountant,HR Support,Hardware,0.956343710422516,False
line manager tuesday pm re update tuesday pm mine ca si si ca la tine developer,Miscellaneous,Hardware,0.9559927582740784,False
alias friday pm alias hi possible alias also communicate colleagues guessed good guesses made way thanks registered under number whose registered old broad street kingdom provide clients each subsidiaries separate entity has liability entity acts,Miscellaneous,Hardware,0.9555600881576538,False
unable to setup account re notification for was trying setup got following error qui ones senior manager bogota sent monday notification for importance high for dear part continuous improvements supporting tools have received access for product please be advised your action be required order activate use for order make use please make follow attached setup guide look up product details features use for governed by usage policy kindly make you understand contents prior signing up for use should you require assistance setting up for your computer after going through setup guide please raise ticket via or we gladly assist thank you kind regards ext,Purchase,Hardware,0.9553309082984924,False
request for cooler friday october pm cooler hi asking cooler informed by purchased anymore thanks kind regards senior tester engineer,Purchase,Hardware,0.9552314877510072,False
access to thursday march re logged head application hi please note head application regarding per procedure waiting separate where made today updates let urgent process hi per attached please him application he properly proceed completing his task thank looking forward updates kind regards analyst,Hardware,HR Support,0.9549846649169922,False
colombia employees settings to check thursday pm colombia employees dear please flow colombia employees terms absences thank administration officer,HR Support,Miscellaneous,0.9544175863265992,False
machines for thursday december pm machines hello since feature available please add thanks regards thursday december pm re hello please informed allow port git public has implemented successfully please kind also let assist further closure best regards technical consultant please consider environment print friday november pm dear colleagues via port allowed currently sources please assign responsible thank br,Hardware,Access,0.9531986713409424,False
library cancel library cancel hello loaned book book physical library how report book cancel thanks regards developer,Hardware,Storage,0.952518880367279,False
clicker needed clicker needed hi clicker please pass session thursday thank much regards analyst ext,HR Support,Hardware,0.952189326286316,False
access to am com shared mailbox friday re hi please confluence mailbox please create accounts credentials thank senior engineer,Access,Storage,0.9520124197006226,False
access to march hi please enable offices card id possible today morning great thanks,Access,HR Support,0.9514967799186708,False
notifications sent for closed tickets re update changes required jersey hello third received after completion about reducing number order avoid perception please thanks friday update changes required jersey dear further recent communication believe query has resolved resolution response please let further assistance matter reference number summary changes required jersey resolver resolution notes tuesday upgrades jersey dear please advised today st upgrades performed jersey during unavailable questions related mentioned please hesitate note wish notified planned works please accept invitation attached apologies short notice thank kind regards ext hub description pm re changes required jersey corrected pm name thanks pm re changes required jersey hello attaching form thanks pm changes required jersey hello please provide completed form which found order correctly looking forward hearing thanks kind regards analyst ext hub pm changes required jersey hello please want perform nj affected starting pm available additional details thanks senior engineer kind regards ext ref msg,Hardware,Miscellaneous,0.9511247277259828,False
test graduates mail list test graduates hi please testing graduates kind regards head testing,HR Support,Miscellaneous,0.950527548789978,False
mailing list transfer february mailing transfer hello please transfer mailing thank software developer,HR Support,Miscellaneous,0.9501675367355348,False
missing time para submit time cards re please action care se la ne maternity leave ii si submit la respective lead tuesday october please action ii vin ca october pm please action dear part established processes each required submit his weekly basis each friday past must submitted receiving because haven followed process please action possible breakdown please log accordingly training materials available id by each wednesday past period then also notified country date total days,Hardware,HR Support,0.949666142463684,False
missing costs and for sent wednesday costs for hello calculations for forecasted costs revenues for per please investigate thanks manager,Miscellaneous,Hardware,0.9495885968208312,False
oracle account error can log tried several ways entering name colleagues showed but none worked,Hardware,HR Support,0.949431300163269,False
password reset sent friday november reset cont importance high si recent la laptop si sa se sa asap tester en si recent si intra cont laptop sa tau la wireless sa ii ca sa se sa sa se care ales tot merge ii ca sa ii ca sa la el bun ii reset si ii la,Access,Hardware,0.9493922591209412,False
oracle access rights new comer rights comer dear please help dear colleagues please assign roles resp colleague ledger entities accounts payable accountant accountant intercompany accountant tax accountant reports ones has thank lead,Access,HR Support,0.9493387937545776,False
getting a blank and error message while logging to eel getting blank error message while logging eel hi though was assigned place th floor tower getting blank error message you assigned any location please contact your administrator after logging able use site thanks tester,Hardware,HR Support,0.9492579698562622,False
can log on to laptop sent thursday november password expired able log please call asap have tried calling you several times yesterday today but says line busy or circuits busy cell based atlanta,Access,Hardware,0.9481988549232484,False
account extension oracle wednesday november pm disable importance high dear information about extending contract listed delay please disable thank kind regards administrator,Access,Miscellaneous,0.946919560432434,False
service now add to telephony requests thursday march telephony requests hello please add telephony requests he subject matter expert region kind regards specialist,Hardware,Miscellaneous,0.9458244442939758,False
enable access card for secure area october pm re please enable card secure area please cards activated got update ladies card thank officer october pm please enable card secure area importance high hi due client visit please card secure area client which thursday rd friday november card needs deactivated after friday cob please communicate logistics regarding thank officer,Access,HR Support,0.9454787373542786,False
access request friday hello user thank,HR Support,Access,0.9454557299613952,False
oracle issue after internal transfer sent tuesday badge la la si la badge la merge la si la et data sa pot,HR Support,Hardware,0.9454094767570496,False
project documentation migrated to new thursday december pm re documentation migrated good afternoon spreadsheets reside forms ad cannot find anymore thought maybe had moved part find platform provide assistance please thanks december documentation migrated importance high hello please advised documentation stored has migrated sp platform please let issues accessing site require change permission levels thanks kind regards,Hardware,Miscellaneous,0.9445327520370485,False
re your membership for has changed re your membership for changed dear colleagues would you please help with request currently blocked cannot continue working his tasks thanks for understanding head analysis en sent november re your membership for changed hi guys sent you with issue few days ago got response when turning get message access please contact what doing regards designer en sent wednesday november your membership for changed hi received message working fine far regards designer en sent wednesday november your membership for changed you removed manage your customer forums creative you removed hi your creative membership ended if you think was error please contact your administrator if you re interested signing up for individual creative membership we welcome you learn more thanks much for using creative your view details about your logo creative creative logo either registered trademarks or trademarks incorporated states or other countries incorporated rights reserved incorporated ave san ca,Access,Hardware,0.944456934928894,False
to be closed oracle closed hi please close down code thanks officer,Miscellaneous,Internal Project,0.9442402720451356,False
access to project sent friday access hi could you please take look anymore only bod induction board empty was having access thank you head testing colombia,Hardware,HR Support,0.9438990354537964,False
access to turners server hi please granted addition folders listed locations deploys test thank kind regards software tester ext,HR Support,Storage,0.9434396624565125,False
access rights re rights approved rights hello please same attached same applies same she joining great by then thanks,Miscellaneous,HR Support,0.942989468574524,False
new project request de march pm re hi thank explanations about key great thank march re hi few notes ongoing codes yet creation validated level write additional mails help suggestion key upgrade recent unsure how proceed steps please hesitate reach out awareness thank march good morning teams please add attached details thank upgrade,Administrative rights,Internal Project,0.9429726004600524,False
client portal environment open ports and thursday pm client environment ports hi ports machines client environment attached updated form please tried create worked empty regards,Access,Hardware,0.9417722225189208,False
every time at pm the site goes down sent monday july every site goes down ridiculous brought up several before there scheduled maintenance senior analyst north,HR Support,Hardware,0.9412822723388672,False
oracle fusion empty timecards for approval wednesday december empty timecards hi please issue thank regards analyst tuesday december pm empty timecards hi tasks pending various which empty please cards screen important approved pending dismiss pending wanted dismiss myself unfortunately actions available please thank regards,HR Support,Miscellaneous,0.9406575560569764,False
could the new restrictions affect anyhow work on site at client restrictions affect anyhow work site client hello due next site restrictions affect accessing also thing affect work please let find solution leave regards software engineer blvd floor district,HR Support,Hardware,0.9403267502784728,False
access com friday march pm hi please mailbox same thank ledger accountant,Storage,HR Support,0.939930498600006,False
us leavers notifications friday november leavers importance high hello please amend leavers include please assign thank,HR Support,Miscellaneous,0.9398223161697388,False
access to from sent wednesday access hi working remotely with access but have access bit bucket repository get next message could you please help with possible back next week need access urgently repository note was access yesterday normally thanks for your help senior developer,Hardware,Access,0.939242959022522,False
no access on user account not present service now as contact either sent monday february hinges fixed hello had issue with hinges talked with fix them when tried raise ticket for here realized could log seems password incorrect somehow could you please log ticket for give ticket number please also can you investigate failing thanks developer en,Hardware,Access,0.9386938214302064,False
administrator right to install for tuesday pm administrator right install hi part task given by lead more specifically install zephyr trial version order functionality probably seems administrator rights installing plug possible side install trial version give administrator rights order finish task thanks lot tester,Purchase,Administrative rights,0.9382584691047668,False
critical alert sent december critical alert following alert occurred status active tape library based tape protection weeks copy description detailed tape inventory failed operation failed since slot library based was empty tape currently present drive drive for more information open administrator console review alert details monitoring task area,Miscellaneous,Administrative rights,0.9369534850120544,False
report error report error hello could you please raise ticket for set caller thank you kind regards applications analyst,HR Support,Miscellaneous,0.9368866086006165,False
cannot submit time there tasks under codes,HR Support,Internal Project,0.9356533885002136,False
snow snow hi can you please look into why was able cancel without inputting any reason also please advise if thing or one off kind regards specialist pl,Miscellaneous,Hardware,0.9339208602905272,False
slack slack hi needs submit bugs instance his instance slack he has suggested install please help regards,Hardware,HR Support,0.9335246086120604,False
from sent wednesday december importance high hello any below thanks kind regards infrastructure manager annual leave th th december sent wednesday december importance high hello was informed by send stuck queue though every other external being send without any issues could you let know if can be caused by issue reported today we haven started making any changes perspective yet where start with could happen with other clients well though can confirm receiving our clients throughout tried sending test haven received stuck outbox if you could have investigated possible would really appreciate let know if you need further information thanks kind regards infrastructure manager annual leave th th december,HR Support,Hardware,0.933477520942688,False
shutdown restart hardware tuesday pm re shutdown hi added she touch she did mention several tickets logged reached queue logged assigned thank shutdown hello appears window weekend haven seen requests needed down equipment usually needed gracefully down equipment bring equipment back again once completed thanks re shutdown dear building thing let thank re shutdown hi building thing made well gracefully down devices room event backup manually after kind regards shutdown fellow please advised scheduled electrical shutdown upon return holiday please make log phones again thank yours sincerely,Miscellaneous,Hardware,0.9333890080451964,False
for profile picture low resolution sent monday july for profile hello set up profile picture by editing profile one name about change your photo other for etc have started using profile picture but even though used high resolution image resulting profile for horribly low can you please advise or offer alternative for adding good picture thanks,Administrative rights,Miscellaneous,0.933155119419098,False
bios password en requires privileges two tuesday july internship parole administrator si tool dam enable la bios la la face ca tool br senior tester,Access,Hardware,0.9324527382850648,False
client sign off complete additional floor expansion october client sign off complete additional floor expansion hi please log bellow thank administrator october pm client sign off complete additional floor expansion hello please obtain quote hardware which going installed thank october pm re client sign off complete additional floor expansion hi adjusted hardware hardware description part code quantity port gigabit switch cable cab cable cab module stack port gigabit switch romanian catalyst cap cap clean con series combined unified autonomous swap series wireless low profile mounting bracket default bracket ceiling grid clip recessed mount default dipole ant ant cat cables patch cord cat cables patch cord st fibre patch cables sc pc pc senior consultant wednesday october pm re client sign off complete additional floor expansion kick off discussion instead port switch port switch port switches also proposal mentions installation while more capable series technical programme planned holiday none october re client sign off complete additional floor expansion hello think issue more related equipment order assuming equipment has ordered thank wednesday october pm re client sign off complete additional floor expansion hi fit schedule track rest best regards senior consultant wednesday october pm client sign off complete additional floor expansion hi has signed off approved by client october november please note forecast details based approved by board signed off schedule quite tight days let possible please resource october november days pm details required members follows kick off pm tech lead cab sponsor technical sponsor kind regards planing officer october client sign off complete additional floor expansion client sign off complete additional floor expansion has signed off approved by client confirmation bookings kick off meeting required work commence actions required stage resource by booking forecasted days named resource allocations change ensure resource allocations updated sponsor tech lead signed proposal understand high level solution design deliverables compile questions answered readiness kick off meeting arrange kick off meeting next available slot please kick off template available during meeting which also lists which required summary status code assigned days doc additional floor expansion execution phase tech author sponsor tech lead tech lead tech lead tech lead pm pm author pm transition incremental incremental incremental download useful links proposal document template user guide automatically please,Hardware,Purchase,0.932414412498474,False
not working sent monday february working importance high apple stopped connecting could you raise request fix asap please without unable approve anything or view when outside urgent request thanks chief,Hardware,Miscellaneous,0.9319143891334534,False
change the project allocation for thursday february change allocation hi please allocation receive annual leave requests thank information confidential legally privileged intended solely addressee opinions expressed mine necessarily represent opinions susceptible interference intended recipient disclosure copying action taken,HR Support,Miscellaneous,0.9309446215629578,False
enable for enable others hi please help points please enable role requires traveling often site urgent moment few cannot floor yesterday entire connect st floor other floors rd thanks,HR Support,Hardware,0.9307915568351746,False
update to tuesday july pm code renamed hi kindly ask change name application review both code also noticed instead please date thank floor blvd district,Internal Project,Miscellaneous,0.9295178055763244,False
reports reports hi please assign thank analyst thursday october reports dear noticed options reports example extract execution report please everything has reports thank kind regards officer,HR Support,Miscellaneous,0.9289085268974304,False
access list customer care management tuesday february care hello please add thank ports best regards test lead,HR Support,Miscellaneous,0.9288690686225892,False
access to premises to tuesday december premises hi please kind activating card premises assign thank vacation december rd officer,Access,HR Support,0.9288032054901124,False
identify old links used internal wednesday october pm identify old links hello please tickets each application identify existing links each app old suggest locations update part migration coming mind impacted by migration two needed please also let other missed also take part migrated thank,Hardware,Miscellaneous,0.9281890392303468,False
allocation december pm allocation dear please allocate client members pm approvals thanks,Purchase,Miscellaneous,0.9280591607093812,False
project code change tuesday march pm code change hi please change allocation thank kind regards senior,Miscellaneous,Internal Project,0.9273668527603148,False
account hi cannot log well thanks kind regards main main,Hardware,Access,0.9272660613059998,False
service transition setup mobile support for october transition setup mobile morning guys attaching completed sn transition form logged assigned accordingly thanks,Hardware,Internal Project,0.9266053438186646,False
error hello trying use reports but getting error link provided for shared provider per have tried reinstalling following troubleshooting tests but still get same error thanks,HR Support,Hardware,0.9263278245925904,False
to cable allocation cable allocation dear please log assign allocating cable thanks kind regards engineer,Hardware,Purchase,0.9258697032928468,False
access to new for users thursday december pm logged hello please assist understanding conversation needs logged users leave processing let require help thanks kind regards infrastructure annual leave december thursday december re logged hello assigned reached give details about regards discipline lead thursday december re logged dear colleagues update about progress number blocking working setting additional rights moment writing about thank best date friday november re logged dear colleagues thank opening please ownerships quicker collaborate site important coming solve ad owner once add members rights own thank best tuesday november pm logged help dear thank contacting endeavour find resolution query timely manner assistance has entered details reference number summary priority priority resolution target date description november hi chow provide her clients she site files available rest also owners add members please let she please log help thank best tuesday november pm help issue writing rights folder date tuesday november re assume needs share folder cam anyone help thank tuesday november pm re hi received writing rights folder related activities activities part working part approve give rights thank date friday november re hi let therefore link along guidelines circulate extended during next weekly meeting assume keep touch thank friday november hello think moment users think order upgrade permissions needs site owner write folder please advise thanks kind regards infrastructure annual leave november december friday november re hi give rights because control area added forward right cheers thursday november pm re hi please give rights make changes folder cannot upload moment thank date tuesday november hello by guess received credentials accounts mean setup procedure note yet configured second solution via normal work within connect authenticate explicitly authenticate button enter key while working upon successful authentication user authentication complete authentication works after redo steps testing credentials received attention because fully integrated receive work example links receive add host name example announce these two fixed connect remotely execute steps browser resources discuss priority add further information query please track progress via link member shortly progress query kind regards ext hub ref msg information confidential legally,Storage,HR Support,0.9249148964881896,False
access for broad tuesday pm broad hi guys please speed broad broad client she thanks,HR Support,Hardware,0.9241579174995422,False
paper stuck printer on ground floor sent thursday problem with printer ground floor hi would like inform you there problem with colour printer ground floor stuck cannot be removed thanks manager en,Hardware,HR Support,0.9239981770515442,False
critical alerts notifications original message sent tuesday july critical alert following alert occurred status active data source type data source non writer computer description last recovery points created cannot create because server protected computer encountered error event id error code for more information open administrator console review alert details monitoring task area,HR Support,Miscellaneous,0.9236445426940918,False
issues sent monday issues dear colleagues we have some issues with since last week could you check please thank you officer,Hardware,Administrative rights,0.9236363172531128,False
remove test com thursday july pm instance hi existing user user instance called logging same configuration same want decommission destroy instance test thanks,Hardware,Access,0.9233169555664062,False
problem with logging to sent friday problem with logging hello have changed password few days ago after can regards head testing belgrade,Hardware,Access,0.9227040410041808,False
one com account friday pm re hello everyone please same rights write well thank regards officer friday pm re thank greetings please write rights please approve confirmation needed order proceed thank kind regards officer,Access,Miscellaneous,0.921444535255432,False
the oracle applications does not shows tasks details items applications does shows tasks details,HR Support,Miscellaneous,0.921189546585083,False
upgrade needed for galaxy pm upgrade needed galaxy hello within couple devices galaxy automatically upgraded android kindly ask assign best regards test engineer,Administrative rights,Purchase,0.9204090237617492,False
configure permissions project permissions hello please help configuration since changed these wallet environment testing host name host intern host proxy host proxy test host test proxy host test host inside secure thank,Hardware,HR Support,0.9194964170455932,False
access to hi please add tried log thanks,Hardware,HR Support,0.9192157983779908,False
license unavailable sent tuesday july license unavailable hi could you please increase number licenses myself other developers cannot use software our daily activity cannot even use days evaluation trial because have already did reinstalling does work br sent tuesday july license activation server working for dear able get license for editor really need for work message looks like best regards senior developer sent tuesday july license issue hello we have noticed our following error message causing issues across teams can we fix issue asap best regards design lead phone mobile en ext address blvd your zone,Access,Hardware,0.919097661972046,False
accounts to be deactivate oracle thursday november pm accounts deactivate dear maternity leave active about cards starting july please deactivate accounts delete timecards starting st july thanks during accounts also suspended expected log name name status active active active active active active active active active active active active active active active active active active planning officer ext,Access,HR Support,0.9186242818832396,False
issues issues hello during course today we have experiencing intermittent issues with interface stops responding various stages interface buttons can longer be pressed best regards click here find out more about experience en address blvd th floor district please refer section our for list entities,Administrative rights,Hardware,0.917335569858551,False
access to tuesday december pm hello issue tried credentials denied please issue regards specialist,Hardware,HR Support,0.9164557456970216,False
oracle issue with project tasks editing sent monday july issue with tasks editing importance high hi best tool fusion giving pain code tasks briefly ll present below what go have visibility for projects looks good choose code want tasks there click indeed description code chose still looks good tasks need go but surprisingly when choose view have already tasks needs show looks bad if you can investigate let know where issues or what doing wrong would much appreciate thank you kind regards officer en,Hardware,Internal Project,0.9158207178115844,False
transfer transfer hello currently assigned please transfer name also possible activate license thank,HR Support,Access,0.9157918691635132,False
admin accounts for security accounts hi ask create accounts ad then add these groups ids assume exists gave name pass cannot view ad created each receive course interface change these log via change prompt option thanks information compliance officer extension,Access,Miscellaneous,0.9157872200012208,False
new headset needed headset needed hi old headset worked has given thanks please refer section entities,Purchase,Hardware,0.9155312180519104,False
permission to new joiner am oracle support team list permission joiner hello please confluence folder mailbox please create accounts credentials thank engineer,Access,Storage,0.915272891521454,False
suspicious mail tuesday march pm suspicious hi received attached unsolicited unknown source please let thank senior developer,Internal Project,HR Support,0.9148890972137452,False
urgent request access urgent hello working today require wont presently allow please advise how thanks counsel old broad street,HR Support,Hardware,0.914434015750885,False
internal requires password all the time sent thursday requires password hi have issue with laptop requires entry password key changed few days ago regards,Access,Hardware,0.914276123046875,False
mailbox access info belgrade com thursday february mailbox dear since receive lot concern position about sparing forwarding every again asking thank communication specialist,HR Support,Storage,0.9139923453330994,False
user creation sonar thursday re hello please add next sonar marked color therefore sonar created by regarding profiles choose profile by choosing configuration profiles were attached existent profiles agrees certain requirements call identify rules custom profile regards thursday re hi confirming ideally everyone sonar reports cannot done then individuals possible also ask individuals elevated permissions ability define profiles etc thank wednesday pm re hi replicated job under sonar reports therefore steps job job framework sonar job framework sonar sonar job changed git user reusable git sources pulled by instead maven build step goals changed deploy number build number clean compile number build number since maven goals getting skipping sonar analysis due bad build status failure added step analysis maven pushes reports sonar please sonar reports sp sonar dashboard index also granted view sonar reports noticed too late written parameters nexus repository build deploy maven goal artifacts were pushed deleted nexus sorry added profiles widgets etc sonar help please unblock reusable ad since known issue regards wednesday pm hello please assist regards analyst ext hub wednesday pm re sonar hi think more details understand needed expectation which push sonar then sonar create push update additional metrics subsequent pushes also give push assign permissions assumptions good also provide user guide how job integrate sonar thanks head wednesday sonar hello please advise ran successfully find name sonar regards analyst ext hub tuesday pm re sonar hello link framework thank lead tuesday sonar hello please note granted generic sonar where log yet find framework sonar ran successfully sonar maybe provide link sonar call hold awaiting response regards analyst ext hub friday re sonar hello understand these steps sonar sp sonar sessions authentication failed enter credentials other hand please let thank lead wednesday sonar hello well kindly attached guide advise steps integrating sonar completed find framework link created by under slightly different name steps taken sonar pm provide details once appears sonar create needed also also updated configuration plan exists tracking purposes looking forward hearing thank much regards analyst ext hub wednesday has assigned hello please advised record number has assigned please review details take appropriate action summary requested item details null choose template applicable please provide short description sonar details user provide link updated aims platform connect main app has called framework sonar sonar user by says authentication fails please help sonar link forms sites procedures view add requested location please link kind regards ref msg,Hardware,Access,0.9136627316474916,False
add user to ms project delivery pm add hi please add regards engineer please consider environment print,Miscellaneous,Access,0.9130910634994508,False
account issues sent domain issues hi starting yesterday experiencing issues when using domain access laptop can please investigate advise cheers design lead,Administrative rights,Hardware,0.912590742111206,False
core team member ask you please check if for showing correctly for,Hardware,Miscellaneous,0.912341833114624,False
oracle role change tuesday pm re role change si intr hi please assist pm listed codes he needs receive raised under codes also please clarify flow thank kind regards analyst re role change se pare ca pm si cum ca se la la mine ca si se la mine re role change hi discussed please informed rights granted also per has pm listed codes kind regards analyst re role change help seems difference rights please thanks re role change hi updated please let further assistance needed kind regards analyst wednesday pm role change hi guys please change role change possible ideally by tomorrow sorry short notice thanks,Miscellaneous,Hardware,0.9121198058128356,False
grooming board and pm grooming board hello working currently board want grooming board refining stories prepare ahead currently please help create please let information require comply thank lead,Access,Hardware,0.9119533896446228,False
hard disk problem sent thursday hard disk problem hi got message have nothing important there were other issues with except message could you please check if there real issue with regards,Administrative rights,Hardware,0.9111021757125854,False
mobile rename to application management and database take on mobile rename application database take hi teams require renaming mobile application application database take please help thank programme officer,Miscellaneous,Hardware,0.9106165766716005,False
access request for wednesday july pm site requesting links site manage setting site write folder thanks note site site site provides central storage collaboration information ideas site tool collaboration tool communication meeting tool decision making site helps groups work teams social groups share information work together example site help coordinate calendars schedules discuss ideas review proposals share information keep touch other sites dynamic interactive members site contribute own ideas content well comment contribute other,Storage,Hardware,0.9097492694854736,False
open close periods oracle sent friday october open close periods hi please help regarding closing opening periods few weeks ago had access close open periods open close buttons were available print screen attached print screen received today her computer confirmed with access rights changes should have taken place since then but two buttons longer visible for please print screen attached computer thank you accountant,Miscellaneous,Hardware,0.909593939781189,False
issues while changing password sent monday issues while changing password hi dear domain password expires today but when trying change non currently getting following error configuration information could be domain controller either because machine unavailable or access denied can you please advise thank you senior tester,Access,Hardware,0.9094823002815248,False
space required on drive thursday required drive hello help drive talked solve issue thanks senior developer,Storage,Hardware,0.9093173742294312,False
update status summary thursday update status summary hello please log assign report by format reports daily include clients schedule these out thank regards leader thursday update status summary status wednesday pm summarizes status update named computer status computer needing updates errors unassigned workstations workstations workstations test test updates status critical updates approved critical updates needed critical updates errors critical updates approved critical updates needed critical updates errors synchronization status synchronization wednesday synchronization result succeeded next synchronization automatic,Hardware,Miscellaneous,0.9087112545967102,False
account for mobile devices created for testing bod mobile devices created testing dear please help creation common accessed by testing while accessing shared discipline devices please allocate representative thanks head testing,HR Support,Hardware,0.9086650013923644,False
enable service now access to the pm re hello please proceed actions enable regards infrastructure friday re hello decision synchronize order restrict users accessing knowledge about again back possible regards infrastructure friday good morning well has created under checked requested synchronized thus moment unable create kindly advise also synchronized looking forward hearing thank much kind regards analyst ext hub thursday re hello please proceed regards costs please consider member approves costs license created etc regards infrastructure thursday hello please advise part regarding please advise approve costs license best regards analyst community builder ext hub wednesday pm hello please create same level thanks technical leader,Hardware,Access,0.9086267948150636,False
update the license on tuesday pm re environment collaborative infrastructure hi guys please update license today please important possibility allow more then same regards tuesday re environment collaborative infrastructure hi after discussing regarding requirement concluded user machine order allow subcontractors environment thus plus provide packages make make cores make update license concurrent users regards pm environment collaborative infrastructure va curs solicit care consultant re environment collaborative infrastructure hello reason escalated because requested needs setup therefor subject cases needs setup old setup informed required please advise misunderstood thank july re environment collaborative infrastructure hello understanding fulfilled employing infrastructure rather than assets then costs thus approve costs please clarify consultant july environment collaborative infrastructure importance high hello please kind regards analyst ext friday july pm re environment collaborative infrastructure importance high hi guys please available remind two cores concurrent users regards july re environment collaborative infrastructure hi please attached update requirement consultants second option thanks friday july pm environment collaborative infrastructure hello resolution please provide details requested attached form best regards analyst community builder ext friday july pm environment collaborative infrastructure hi begin collaboration subcontractors solution collaborate existing environment needed allowed collaborate rd options preferred easy scale members needed resources needed each person rd several inside two cores concurrent users please initiate needed process order environment possible which option regards design lead,Hardware,Access,0.907756805419922,False
profile path change friday pm sd leaders re hello again please perform change profile path well he leaving today pm thank best regards leader ext friday pm sd leaders hello please make process colleagues close pm possible impact work advise touch directly face face switching profile path make she middle thank much helping kind regards leader ext friday pm re hi colleagues profile path change tomorrow added off shift today safe process change name off shift friday pm pm thanks let help out re hello everyone believe require profile path change mistaken please centralize work tomorrow give heads via make processed due needless say required possible given circumstances kindest regards leader ext friday pm sd leaders hello dodo informed she shift saturday inform well he shift starting today best regards leader re morning dears please arranged shift tomorrow site also please inform person shift sat call leaving around inform alarm disabled since colleagues call thanks dodo wednesday pm sd leaders re la si la sd va shift site default ca shift vine ii shift site si shift merci re dodo,Hardware,Miscellaneous,0.9077280163764954,False
trouble viewing images on share drive trouble viewing images share drive hi share drive there able view used have problem using but pc cannot view without downloading can you please help thank you senior manager,Hardware,Storage,0.9073042273521424,False
access to network for testing july pm granted testing dear please order connect user testing purposes currently perform tests test mobile devices user thanks best regards tester,Access,Hardware,0.9071082472801208,False
query sent monday march here export excel hi please result export excel out our where fault manager frankfurt main frankfurt main,Hardware,Administrative rights,0.9070624709129332,False
cable thursday november cable morning please log helping cable floor thank administrator phone,Hardware,Purchase,0.9068425297737122,False
setting personalize list columns thursday july setting personalize columns hello please add summary option form column personalize columns please user short summary search results way display please advise steps take order enable thank kind regards analyst,Access,Miscellaneous,0.906435489654541,False
item item hi staging today thank best,Purchase,Hardware,0.9063101410865784,False
bouncing not being sent to the wanted mailbox sent wednesday re moving hi guys issues occurs another example below can you please investigate why sent organizational announcement original appeared bounce sent organizational announcement with mixed emotions writing inform you decided leave for great opportunity elsewhere please join wishing very best next chapter his career thank him for leaving legacy strong effective organization done great job building seasoned capable continue momentum put motion over past number years work daily with leadership ensure smooth transition be over next few weeks we collectively work identifying when his last be continue provide updates we solidify plan you can expect periodic updates please contact or if you have any questions thank you thank you manager sent moving hello apparently did went ahead managed here sent tuesday moving hello you know by leaving with th being his last after years being resource manager working with more than generations leaders more than double size reaching astonishing number was one key area being main person responsible for hiring well being for teams leaving big gap be filled for with organizational changes ongoing we have decided replace him yet but his role be covered for interim period by thanking for willingness availability extra effort top their current responsibilities please join wishing him best his next career step thank for efforts achievements during period for any questions with regards above please contact thank you head,HR Support,Hardware,0.9056978821754456,False
access tuesday march pm dear kindly ask provide file library forms library demand view please let additional information needed side clarify everything gladly kind regards,Storage,HR Support,0.9054468870162964,False
pas project forecast appears incorrect for sent monday november forecast appears incorrect for hello could you please check why for november february appear while still shows for below thanks manager,Miscellaneous,Internal Project,0.9054032564163208,False
cables february pm cables hi cables dp dp helped thank,Hardware,Purchase,0.9053630828857422,False
oracle friday pm importance high tried log without every id wont allow please let id tried sr director,HR Support,Hardware,0.9044098258018494,False
winning system access winning dear kindly colleagues let other additional details order log provide template way further warm regards thank help,HR Support,Hardware,0.9043572545051576,False
accounts to be disabled thursday pm accounts disabled hello please assist note work thanks kind regards infrastructure thursday pm accounts disabled hi please make accounts disable salary contractor enable name name action salary salary salary salary salary contractor enable name name salary salary salary contractor salary salary salary salary salary contractor salary salary contractor salary salary salary salary salary salary salary salary salary salary salary contractor salary salary contractor salary salary salary salary salary salary salary contractor salary salary contractor contractor thanks re accounts disabled hi these disabled leavers duplicates colleagues changed name after marriage clarify remaining contractors these accounts disabled ad mailbox provided these disabled salary contractor enable name name salary salary salary contractor salary salary salary salary salary contractor salary salary contractor salary salary salary salary salary salary salary salary salary salary salary contractor salary salary contractor salary salary salary salary salary salary salary contractor salary salary contractor contractor wednesday pm re accounts disabled hi moment disable accounts then enable identified once confirmation these accounts disabled ad mailbox provided salary contractor enable name name action salary salary salary contractor enable salary these accounts ad mailbox provided salary contractor enable name name contractor contractor contractor contractor these accounts disabled ad mailbox provided these disabled salary contractor enable name name salary salary salary contractor salary salary salary salary salary contractor salary salary contractor salary salary salary salary salary salary salary salary salary salary salary contractor salary salary contractor salary salary salary salary salary salary salary contractor salary salary contractor contractor thanks re accounts disabled hi please find contractor want him platforms etc maternity leave please activate her everyone please delete regards head wednesday pm accounts disabled hello provide recent versions lists mailbox migrations almost complete completed tonight these lists agree contractors anyone generally speaking these disabled understand these did accounts setup accounts cases agree accounts latest lists agree these accounts thanks,Access,HR Support,0.9041306376457214,False
cleanup temp file from pc tuesday pm cleanup temp file pc hi please help cleaning file pc thanks thanks ext mob,Storage,Hardware,0.903985559940338,False
critical alerts notifications sent december critical alert following alert occurred status active description database protection failed for more information open administrator console review alert details monitoring task area sent saturday december critical alert following alert occurred replica inconsistent with protected data source protection activities for data source fail until replica synchronized with consistency check application writer or provider bad either was already bad or entered bad during current operation for more information open administrator console review alert details monitoring task area,Hardware,Miscellaneous,0.9038647413253784,False
access to net october pm hosting bastion hi member please provide hosting bastion also include ad hosting ad thank technical consultant,Miscellaneous,HR Support,0.9023529887199402,False
add to thursday pm partnership hello dear please take suspicious which suspicious kind regards analyst client thursday pm partnership originates keep mind file attachments dear friend please attached letter harmful thank god bless regards mr,HR Support,Hardware,0.9021381139755248,False
access for sent monday february error hi when trying update some fields or approve opportunities gets error error forbidden could you please advise what thank you,Hardware,HR Support,0.9020994305610656,False
check users with as service now per attached friday march pm dear well checked appeared although ad changes were made manually updated other colleagues mentioned synchronization occurred accordingly separate senior colleagues synchronization ad occurs further assistance please hesitate thank much kind regards analyst ext hub thursday march high satisfaction score reverse charge issue hello please verify thank thursday march re high satisfaction score reverse charge issue think updated yet thursday march re high satisfaction score reverse charge issue awesome receiving these scores thursday march high satisfaction score reverse charge issue thursday march high satisfaction score reverse charge issue take moment enjoy earned notify reverse charge issue which assigned has received excellent satisfaction score overall satisfaction provided by ability understand issue having repeat information about issue communication steps required resolution taken by solve issue effectively influenced give these markings thank contributing high satisfaction rates kind regards improvement,Hardware,Miscellaneous,0.901335835456848,False
oracle errors task approvals sent tuesday errors task approvals dear currently cannot process any assigned approvals within have attached containing errors currently receiving when trying access or process approvals addition receiving intermittent blank screens when trying or access task approval have reproduced issues following environments chrome browser safari browser via parallel explorer browser please advise thanks be out th thru th manager,Miscellaneous,Hardware,0.9009788036346436,False
switch access cards for and march switch hello please switch granted cleaning switched shifts starting today work program work mornings evenings thank,Access,HR Support,0.9000932574272156,False
projects administration permissions wednesday pm re administration permissions hi conversation summarize bit agreed way working during post migration period migrated offered followed agreed adjustments permission schemes schemes etc order bring same pre migration make adjustment directly prod example migration whatever post function assigning task user after migration post function correction done by requests registered by generic user example needs transition condition transition did exist instance clarify log expect after adjustments made instance level rights administration permissions dear responsible administer updating screens etc currently administrator permissions pilot kind regards officer,Access,Hardware,0.897548258304596,False
time on previous employee sent tuesday incident previous employee assigned hi could you please raise incident also for queue thanks sent tuesday incident previous employee assigned please be advised record number assigned please review details take appropriate action description sent monday hi when you have some can you please raise ticket related go issue wanted raise sometime last week but get around coming working projects should submit some however received attached error because some setting expenditure but unsure how proceed contract changed she employee therefore she was processed starter access needs submit any other employee also even though her status entered imported though entered be charged projects really give code possibility approve or reject know there some urgent issues with whenever you have some can you please look into advise if you have any idea how proceed thank you manager summary previous employee number priority moderate assignment location centre access incident please click following link attachments kind regards ref msg,Miscellaneous,HR Support,0.8972580432891846,False
add to project is the pm pm please create hello please assigned created thanks best regards thursday pm re please create hello please find,Miscellaneous,Internal Project,0.8955031633377075,False
and password help sent tuesday re password help package for connecting for can you please look into let know issue thanks engineer en ext date tuesday password help hi you helped yesterday with pro setup can seem get working need have running access using during evenings would like get some help changing main password using haven prompted yet change thanks registered under number whose registered old broad street kingdom does provide any clients each subsidiaries separate entity liability,Access,Hardware,0.8953496813774109,False
asking for credentials sent thursday december asking for credentials hi since yesterday wednesday asking for credentials but when enter them does accept them seem be able still enter credentials when logged into when logged into senior test lead,Administrative rights,Hardware,0.8953110575675964,False
snow blocked by outlook arrived mailbox mention unsafe item,Administrative rights,Storage,0.895225465297699,False
discuss set up discuss set up,Internal Project,Administrative rights,0.8950439691543579,False
provost issues incident fusion please assigned hello please be informed temporary password sent your should you need any further assistance please let know unfortunately we can assist with issues can you please raise ticket for issue assign appropriate thank you kind regards engineer sent tuesday november incident fusion please assigned please be advised record number assigned please review details take appropriate action description fusion please have had issues with today especially believe have found way fix but tells need contact you below you can screen comes up have able add for second behind losing money delayed report multiple attempts you need provide temp password enter fusion have sent last correspondence we had regarding issue for your reference below our last correspondence hello please be informed you have your password your you can use for logging fusion boxes should be completed with following information host name password you can find your should be empty field complete should you need any further assistance please let know kind regards engineer details requested for contact sales address location states atlanta atlanta line manager summary request please provide info action item under constraint additional comments or requirements please provide info action item under constraint please provide temporary for fusion information below boxes under constraints for purposes image thank you se sent forgive errors assign fusion ticket reference assignment request summary please provide info action item under constraint location states atlanta atlanta attachments image access request please click following link kind regards ref msg se summary fusion please number priority low assignment location states atlanta atlanta access incident please click following link kind regards ref msg,Miscellaneous,Hardware,0.8945934176445007,False
problem logging oracle problem logging hi have problem logging application order working hours enter credential right side nothing happens thank you click here find out more about experience specialist mobile blvd th floor district,Hardware,HR Support,0.8930187225341797,False
multiple notifications oracle action required entries hi colleague logging receiving same inform about event also same event log thank november action required entries task application take action links actions approve reject more entries details assignee assigned date task number recommended actions entries card details card period status submitted card comments reported code type location task details absences totals location details days comments mon wed sat regular concurrent engineering country enter comments about entered by daily totals calculated type code location task details absences location details days comments totals mon wed sat regular concurrent engineering country comments daily totals related links comments display history updated by action performed assignee updated assigned assigned assigned assigned assigned assigned assigned assigned assigned assigned,HR Support,Miscellaneous,0.8908507823944092,False
access to the section required for setting the employee flows friday november pm flows unassigned hello section required setting flows discipline unauthorized denied due invalid credentials permission view directory credentials supplied thank friday november pm flows unassigned,HR Support,Hardware,0.8905008435249329,False
access to tunnel granted access re access tunnel hello please be advised still have access resources neither by nor received hosts file every developer their computer was installed driver etc folder attached links cannot be accessed thank you,Storage,Hardware,0.8894211053848267,False
com adding new locations on job search selector wednesday pm locations job search selector hi giving heads friday activate locations careers landing jobs selector more specifically once these activated give update add well please assist logging performing thanks,Miscellaneous,Hardware,0.8892754316329956,False
project access request compliance administration view,Internal Project,HR Support,0.8887710571289062,False
access for hi setup colleague colleague name slack pm help pm thing pm regards agile,Miscellaneous,HR Support,0.8873948454856873,False
web mail server not working any more working more hi users different mostly code review application needed change working more back please thank developer,Administrative rights,Internal Project,0.887263298034668,False
pas permission as client manager july permission client hi please provide client permissions level picture picking role thank kind regards,HR Support,Internal Project,0.8865008354187012,False
windows update not working sent monday re action required cryptographic prevention hi update working available updates but apply them run update troubleshooter but update still working can you please assist regards,Hardware,Administrative rights,0.8864503502845764,False
your certificate is about to expire days certificate about expire days importance high hi received warnings over weekend please certificates issued date these certificates user authentication want expire thanks certificate about expire days certificate about expire days view link ref msg information confidential,Hardware,Access,0.8860728740692139,False
oracle status for day off july status off hello help please question about july had off approved successfully submitted has returned status awaiting ordinary behavior please attachments appreciate help provided regards tester,Miscellaneous,HR Support,0.8849511742591858,False
access needed july pm discipline also please add accounts thank,Miscellaneous,HR Support,0.8848738670349121,False
lists lists dear please rename existing lists follows english module english induction english module ii english grammar patterns english module iii english communication vocabulary english beginners english english english please keep inherit membership ownership much appreciate done possible thank november lists hey hey lists english module english induction english module ii english grammar patterns english module iii english communication vocabulary english beginners english english english,Hardware,Miscellaneous,0.883806586265564,False
access request to tuesday pm library requesting library links library manage setting library both write please working mcdonald response note site site site provides central storage collaboration information ideas site tool collaboration tool communication meeting tool decision making site helps groups work teams social groups share information work together example site help coordinate calendars schedules discuss ideas review proposals share information keep touch other sites dynamic interactive members site contribute own ideas content well comment contribute other,Storage,Hardware,0.8835962414741516,False
administrator rights on administrator rights since got replaced had lot problems setup environment which implies installing maven virtual docker setting environment variables think relevant install tools next enter his order install tools administrator rights granted same policy also apply infrastructure kind regards,Purchase,Administrative rights,0.8831406831741333,False
calendar availability not working outlook sent wednesday re incident logged for hi seems related was able availability others well right after started but what more concerning still working please can you raise ticket for calendar availability working assign please can you revert change implemented continue investigation why working should root cause be identified another emergency cr be required fix please raise cr follow again ems emergency change procedure thanks sent wednesday re incident logged for importance high hello seems after emergency change get below error some users have reported cannot availability other or meeting rooms personally cannot availability other employees depicted below can be investigated thank you manager sent re incident logged for hello ll raise emergency cr alter some connection specific limits for active sync web br sent wednesday re incident logged for hi guys any thanks incident manager leave notice sent re incident logged for hi realize might be shift can someone pick up please thanks incident manager leave notice sent re incident logged for si legate incident manager leave notice sent incident logged for hi can you please advise status well contacted by some users saying working his name thanks incident manager leave notice sent incident logged for ticket logged for please be advised following ticket logged for reference number reported by added date added by summary does update phones description sent tuesday issues hi we have users unable connect restart or machine does help also we have phones losing connection provider if restart phone works for few minutes but goes back down thanks senior engineer ext upcoming days off february kind regards ext ref msg,Miscellaneous,Administrative rights,0.882344663143158,False
create caps pilot quality gate sonar pm create caps pilot gate sonar hello please create gate sonar caps pilot having conditions blocker issues greater than critical issues greater than coverage less than coverage code since version less than duplicated blocks greater than duplicated lines greater than complexity class greater than complexity function greater than unit test success less than skipped unit tests greater than best regards software consultant design lead lead,Access,Hardware,0.8821019530296326,False
annual leave request incorrect flow for notifying the line managers hi analyzing case person line requesting off informative video stated request submitted by person notification sent manager imagine correct term line manager for approval however situation described training material notification sent line manager submission seems notification sent only after approval by can you please correct flow notification sent point leave request submission after approves encountered scenario above for annual leave requests done by request was submitted was notified about was approved by get notification point able approve or reject thank you,HR Support,Miscellaneous,0.8817753195762634,False
status investigating degraded reporting performance sent tuesday status investigating degraded performance degraded performance incident report for investigating our administrators currently investigating cause intermittent cases reports loading data charts loading issues with downloading reports excel word we working swiftly find root cause these problems order bring report performance back up speed we appreciate your follow up with updates we receive them view status or these powered by,Administrative rights,Hardware,0.8808606863021851,False
categories and natural account mapping categories natural mapping hello help changes please map category name kick off natural natural description events charges expenditure type social please map category name tools natural natural description books expenditure type postage printing please map category name welfare natural natural description other benefits taxable expenditure type welfare please change category name professional catering professional catering clients well please create categories map follows category name description natural natural description default expenditure type professional charges other indirect costs professional costs related benefits welfare professional catering catering members meals welfare professional equipment rentals equipment machinery rentals copy machines water purifiers etc rent equipment other indirect costs hi please take care let make changes thank much best regards compliance ext,Miscellaneous,Hardware,0.8807252645492554,False
address to be added to friday pm added hi add details please center floor street also help somewhere possible thank,HR Support,Miscellaneous,0.880220890045166,False
last survey date calculation hi please help confirmation survey date stands reflect responses registered also accounts which surveys survey date these accounts example responses surveys were way survey date added dashboard database stamp were added show surveys other ideas around thanks,Access,Miscellaneous,0.8801406025886536,False
expenses app tuesday pm app hello please issue app thanks digital product strategy,Administrative rights,Internal Project,0.8791773319244385,False
please set as project manager for systems oracle send guide friday please dear please code thank best regards agile next annual leave,Miscellaneous,Internal Project,0.8780008554458618,False
create com march pm hello please create common give se thank regards leader,Miscellaneous,Access,0.8777800798416138,False
creation of mail account on mobile creation mobile hi notify assisted creation mobile thanks,Access,Hardware,0.8777790665626526,False
access to unit forecast required tuesday re unit forecast required approved side same level rights thanks pm unit forecast required dear head testing unit forecast please assist kind regards test consultant registered under number whose registered old broad street kingdom provide clients each subsidiaries separate entity has,Hardware,HR Support,0.8769723773002625,False
credentials for web february pm re credentials hi technician charge manage find details thanks february credentials hi help credentials machine which assign please best regards test consultant mob zone,HR Support,Hardware,0.8739438056945801,False
access to files tuesday pm hi please give thank,Storage,HR Support,0.8738965392112732,False
documentation billing documentation billing hello please where documentation contracts module hello please assign thank best regards tester,Storage,Miscellaneous,0.873009979724884,False
error error hello when sign into self learning animations get error message when click navigation tool below video work if click directly them by scrolling down manager,HR Support,Hardware,0.8723733425140381,False
com thursday march acquisition hi looks think take action regards march pm acquisition acquire platform dear user pleasure inform exciting step has executed specialized video strategies definitive agreement acquire platform contemplated after closing acquisition remain platform continue operated under brand combination platform experience customized video create synergies allow users continue benefit platform also receive exciting upcoming features order enable operate platform continue build personalized video memories achievements users related transferred transfer include collected according privacy policy videos transfer made march personal transferred governed by same privacy policy remains unchanged link further action required agree personal transferred want about looking forward continuing provide personal videos favorite sporting events best regards switzerland hello,Purchase,Hardware,0.8722171783447266,False
new board con merchant portal board hello please creation board con merchant assign thank much kind regards analyst,Access,Hardware,0.8713856339454651,False
data content oracle sent wednesday re access for managed hi have noticed able address for any employee manage person have checked have issue for countries could you please assist thank you have kind regards assistant,HR Support,Hardware,0.8711848258972168,False
servers for bucharest and create and install virtual machines tuesday november pm re hello right single located thank senior engineer tuesday november pm re hello thank raising good having two additional installed presume none updates pushed added awareness problem registered thank november hello install additional slow impacting work employees almost bandwidth updates getting critical install these planning create install virtual machines install create sites workstations please assign create virtual machines please share thoughts thank senior engineer,HR Support,Hardware,0.871148407459259,False
time booking for wednesday pm booking hi please book public holiday name date code kind regards head testing,Internal Project,HR Support,0.8708294034004211,False
name change to for saturday november re starter ad importance high dear please notice name joiner uses wrong name since he join st colombian fix his thanks head wednesday november starter ad hello please advised ad has created please find credentials must changed log assist please let thank analyst ext hub wednesday november re complete colombia hi please find attached kind regards head october complete colombia importance high dear please help completed form design lead joining thank compliance officer colombia,Miscellaneous,HR Support,0.8707667589187622,False
error be status at re error status hello please log assign order investigate issue kind regards senior engineer thursday error status copyright edition bit build failed jobs listing status job name step id step name date failed purge mirroring step executed user database mirrored error step failed failed purge mirroring step executed user database mirrored error step failed failed purge mirroring step executed user database mirrored error step failed failed purge mirroring step executed user database mirrored error step failed failed purge mirroring step executed user database mirrored error step failed failed purge mirroring step executed user database mirrored error step failed failed purge mirroring step executed user database mirrored error step failed failed purge mirroring step executed user database mirrored error step failed failed purge mirroring step executed user database mirrored error step failed failed purge mirroring step executed user database mirrored error step failed failed purge mirroring step executed user database mirrored error step failed failed purge mirroring step executed user database mirrored error step failed failed purge mirroring step executed user database mirrored error step failed failed purge mirroring step executed user database mirrored error step failed failed purge mirroring step executed user database mirrored error step failed failed purge mirroring step executed user database mirrored error step failed failed purge mirroring step executed user database mirrored error step failed failed purge mirroring step executed user database mirrored error step failed failed purge mirroring step executed user database mirrored error step failed failed purge mirroring step executed user database mirrored error step failed failed purge mirroring step executed user database mirrored error step failed failed purge mirroring step executed user database mirrored error step failed failed purge mirroring step executed user database mirrored error step failed failed purge mirroring step executed user database mirrored error step failed failed purge mirroring step executed user database mirrored error step failed failed purge mirroring step executed user database mirrored error step failed failed purge mirroring step executed user database mirrored error step failed failed purge mirroring step executed user database mirrored error step failed failed purge mirroring step executed user database mirrored error step failed failed purge mirroring step executed user database mirrored error step failed failed purge mirroring step executed user database mirrored error step failed failed purge mirroring step executed user database mirrored error step failed failed purge mirroring step executed user database mirrored error step failed failed purge mirroring step executed user database mirrored error step failed failed purge mirroring step executed user database mirrored error step failed failed purge mirroring step executed user database mirrored error step failed failed purge mirroring step executed user database mirrored error step failed failed purge mirroring step executed user database mirrored error step failed failed purge mirroring step executed user database mirrored error step failed failed purge mirroring step executed user database mirrored error step failed failed purge mirroring step executed user database mirrored error step failed failed purge mirroring step executed user database mirrored error step failed failed mirroring step executed user database mirrored error step failed failed purge mirroring step executed user database mirrored error step failed failed purge mirroring step executed user database mirrored error step failed failed purge mirroring step executed user database mirrored error step failed failed purge mirroring step executed user database mirrored error step failed,Access,HR Support,0.8701209425926208,False
cleaning process tuesday cleaning process dear help please thanks thursday pm re cleaning process hi please help find boards board board unfortunately hoped board ready knowledge please active appears next steps needed order administer add users functional deleted board thanks friday pm cleaning process hi initiated cleaning process instance order provide users better performance lot going standardize notice change behavior please let kind regards great analyst,Hardware,Miscellaneous,0.8693094849586487,False
board for july pm board dear please board called details contain progress review done given please let more information needed regards head,Hardware,Miscellaneous,0.8687710165977478,False
new room outlook wednesday pm room hi please create room book rd floor roughly persons defined properly book overlap different events let other needed thanks,Hardware,Administrative rights,0.8683155179023743,False
approver removal request from cr thursday december pm approver removal cr hey please call per assign thanks officer december re approver removal cr hi please thanks december approver removal cr hey please acceptance cr she maternity leave represents appropriate approver cr question kind regards officer transition ext,HR Support,Miscellaneous,0.8679825663566589,False
error sent wednesday november re please action direct reports hi could you please verify if issue reported by beginning november fixed second receive message about entries but issue entries could be entered issue reported by kindly note have received regarding days about week when tried complete received following issue thank you sent wednesday november please action direct reports dear manager part established processes each required submit his weekly basis each friday for past week must be submitted for approval you receiving because some your direct reports haven followed process please help cascade accordingly gets possible below breakdown your direct reports please note if refers left or maternity other absence leave please contact update person record otherwise please contact person directly submit their manager country for for date total days,HR Support,Miscellaneous,0.867339551448822,False
add people to friday pm urgent importance high dear va similar unit unit unit unit unit unit unit unit unit unit unit unit unit va head,Hardware,Miscellaneous,0.8667043447494507,False
time sheet issue sheet issue hello please rise ticket following call thank you kind regards sent october sheet issue hello for last week every receive sheet for approval get mails same also same number attached image for example intended or issue be resolved regards,HR Support,Miscellaneous,0.8650902509689331,False
installing and rebuild windows tuesday march pm installing rebuild hello please log queue installing rebuilding os thank great kind regards engineer ext,Purchase,Hardware,0.8645297288894653,False
new macs thursday october macs hi please add addresses machines thanks discipline lead,Hardware,Miscellaneous,0.8643120527267456,False
local support assistance december help party hi dear ask help possible tomorrow december take christmas party technical around pm party starts boys waiting possible thank br,Internal Project,Hardware,0.8620626330375671,False
roaming profile issues and sent thursday roaming profile issues hello can you please investigate matter urgency roaming profile can log onto any but his information roamed one pc another we have recreated hid profile locally tried off unfortunately seems be server issue or ad issues we have permissions look forward your kind regards leader pl,Administrative rights,Hardware,0.8619773983955383,False
request change network for bucharest network to extend please check notes change extend hi please based thread order specifically fulfil highlighted logged thank december re change extend thanks please extend let review impact change after holidays take bandwidth issue anymore please schedule meeting discuss issues raised determine next steps while re please investigate other offices done thus far considering range population device density suggests has change let discuss reasonable approach hardware meeting thank holidays date wednesday december re change extend hi please extend range presented results investigations regarding wireless networks usage number addresses per addresses available addresses available guest addresses available addresses available total addresses wireless networks assume users prefer connect devices because weekly changing guest currently attached recommends connect users per depending various factors interference environment client uplink setup capable host users users least bandwidth bandwidth shared wired active wireless devices increase wireless ranges lead higher uplinks load require revise wireless infrastructure further information details please hesitate best regards senior engineer id image wednesday december change extend has assigned hello please advised record number has assigned please review details take appropriate action reference number details requested location tower summary change extend additional comments requirements assign change extend taking consideration issue total employees assign reference assignment summary change extend location tower please link kind regards please ref msg,HR Support,Miscellaneous,0.8619349002838135,False
inventory of network equipment switches routes fusion inventory inventory equipment switches routes inventory,HR Support,Hardware,0.8619004487991333,False
help with receipts sent thursday help with receipts hi could you please be kind help with finding out why we cannot receipt below list etc have we have created these without back but seems we cannot complete receipts for them you happened know if we could use any fix inconvenient we have cases where we were able perform receipts for type few po example thanks kind regards,Purchase,Hardware,0.8617414832115173,False
indirect ledger input problem sent thursday march indirect ledger input problem hi please raise request below kind regards sent thursday march indirect ledger input problem dear colleagues having challenge updating forecast for bod receive your guidance how approach input by for indirect ledger advertising marketing promotion parent only updated with data added input fields right below instead adds values recently input values previously forecasted during period exercise screen capture below explain bit better was taken right after save confirmation only such situation have encountered far other ledgers seem be having usual behavior thank you for your head en,HR Support,Hardware,0.8610731363296509,False
requesting access to for disable jabber account tuesday march re requesting disable jabber regards march pm requesting hello please advised allocate extension jabber disabled proceed looking forward hearing thank kind regards analyst ext hub march pm has assigned hello please advised record number has assigned please review details take appropriate action reference number details assign reference assignment summary null choose template applicable please provide short description requesting details transfer jabber priority affected add requested location location please link kind regards,Miscellaneous,Access,0.8608474731445312,False
internal transfer access card belgrade hello somehow never received card transfer form please kind proceed issuing appropriate card moment he has card card he card thanks senior engineer,HR Support,Access,0.8598281145095825,False
public holiday details public holiday details hi could you please raise ticket for below best regards applications analyst en sent monday re public holiday details hi please note we able change name public holiday for reason adding advise kind regards assistant sent monday public holiday details hi ladies dealing with one strange issue here also approached understand better his complaints anyway we found mutual understanding can you please tell if possible erase serb calendar holiday only assumption doable without raising lot tickets does affect can you please let know why we have marks front holiday name can have better understanding thanks screening officer sent monday leadership re public holiday details sending print screen sent monday leadership re public holiday details how supposed be serbian assumption know how official but when use calendar assumption have prefix for strange if for should be serbian or sent monday leadership re public holiday details hi holiday officially stated bellow assumption orthodox christians description referring entitled use since we can create different holiday components for same be honest quite understand your remark noticed th macedonian assumption but somebody what you mean saying thanks description serbian assumption screening officer sent monday leadership public holiday details hi guess should be changed can you please inform responsible best regards head applications en notice annual leave th th sent monday public holiday details hi today when was logging noticed th macedonian assumption but somebody if anybody asks should be orthodox leave please correct if wrong date description serbian assumption regards lead en,HR Support,Miscellaneous,0.8591597080230713,False
notification issues between am to am time be resolved re repeatedly working days row interval till related hi second please out communication thank,Hardware,HR Support,0.8584654927253723,False
expenses and oracle entity entity hi teams please note paid old moved permanently back large submission make change back entity asap submit expense items saved please lose these items thank october entity hi expense report paid items amount regarding changing entity please make kind regards administrator,Miscellaneous,HR Support,0.8579712510108948,False
team server is ticket for investigation server hi server you must restart software before you can continue server please assist urgent br applications engineer en,Hardware,Miscellaneous,0.8579407930374146,False
oracle mobile app credentials wednesday android app hi please provide android app thanks,Administrative rights,HR Support,0.8573933839797974,False
from claus claus hello please coming best regards senior performance tester,Hardware,Miscellaneous,0.8569326400756836,False
check rights rights hi please rights view upload supplier contracts thank officer,Storage,HR Support,0.8565324544906616,False
issues sent wednesday december issues solved hello please log ticket for solving issues encountered by thank you have great engineer ext,Hardware,Administrative rights,0.8562065362930298,False
urgent access denied sent friday july urgent access denied hi we have problems with bamboo build gives access denied even though password changed days ago urgent we middle could you please assist info regards applications engineer en,Hardware,Access,0.856049656867981,False
activation message activation message hello opening excel activation wizard window appears with message copy activated have only days activate br analyst,Administrative rights,Hardware,0.8554238677024841,False
issue sent tuesday july issue hi can use make calls but when can hear although can hear them have tested with different headphones nothing seems work can log call please thanks senior information confidential be legally privileged intended solely for addressee any opinions expressed mine necessarily represent opinions susceptible interference if you intended recipient any disclosure,Hardware,Administrative rights,0.855115532875061,False
access to oracle sent october access hi there can find neither or could you please help with thanks manager en,Hardware,HR Support,0.8542871475219727,False
notification new pas thursday pm dear please out users taking evening agreed owner client heads addition information please hesitate kind regards engineer,HR Support,Miscellaneous,0.8538671135902405,False
access on sent friday october access hi please create access for thank you best regards technical consultant,HR Support,Hardware,0.8533675074577332,False
remove a scheduled task saturday scheduled task hi because were decommissioned these recurrent tasks required task restart task restart please thank best regards monitoring engineer,Miscellaneous,Hardware,0.8527279496192932,False
create cannot log into workday template for tuesday create cannot log workday template hello please create template incidents table also assignment default thanks kindest regards specialist pl,HR Support,Hardware,0.8518072366714478,False
prod access thursday july prod hello link described attached capture order save files ledger please help issue thank accounts payable,Access,Hardware,0.8512883186340332,False
computer out of order sent tuesday march computer out order hello computer out order yesterday march today guys change respectfully,Purchase,Miscellaneous,0.8503962755203247,False
combination not valid for po and combination valid for po hi please raise ticket for below request assign thank you kind regards engineer sent thursday combination valid for po hi could you please take look have invalid combination error can erase line or invoice thank you kind regards en accounts payable accountant phone,Miscellaneous,Hardware,0.8503718376159668,False
cannot submit expense report sent friday cannot submit expense report hi unable submit expense report getting error below for client visits used charge code successfully if cannot use code any more code work if code problem anything thank you for your help thank you regards senior test lead,HR Support,Internal Project,0.8493008017539978,False
create com wednesday november pm re complete colombia hi requested previously please create add owner thank wednesday november complete colombia hello regarding find record created requested creation please let add also ad credentials few minutes kind regards analyst ext hub october pm re complete colombia hi please find attached updated file let needed october complete colombia importance high dear please help completed form analyst joining thank compliance officer colombia,HR Support,Miscellaneous,0.8480246663093567,False
local help for for christmas party thursday december pm christmas party help hi christmas party technical projector location prepare technical checks location etc party tomorrow please appoint locally help thank head,Internal Project,Hardware,0.8467176556587219,False
remove absence july re rejected hi please days holiday sheet thanks regards head testing mob july rejected hello everyone assistance required please let gladly help specialist ext hub thursday july re rejected hi although client pm agreed book working kind regards july rejected hi had holiday work regards head testing mob,Hardware,HR Support,0.8466234803199768,False
adding user to to set up a tuesday user hi want connect several mobile devices machine understood purposes machine added users help please thank,Access,Hardware,0.8462142944335938,False
falconer contractor extension to st february pm falconer contractor extension st hi please extend falconer her updated her contract extended until st thank kind regards planning,HR Support,Miscellaneous,0.8453049063682556,False
please delete library sent friday re please delete library wonderful thank you leader en sent friday re please delete library hello please be informed we deleted document library best regards engineer sent thursday please delete library hello guys please can you help delete document library for some reason have delete option duplicated library therefore needs be deleted create confusion thank you leader en,Hardware,Storage,0.8450518250465393,False
jobs are not triggered anymore from commits jobs triggered anymore commits hello build jobs for several projects triggered anymore when commits pushed ex projects build blocked for view build jobs job mock integrator best regards senior developer,Miscellaneous,Hardware,0.8442152142524719,False
the list of servers running on windows servers update to windows pm re running importance high hi assist please action addition thank re running hello these were updated supported by since were report has made patch available os well patching today except where please help patching thank best regards senior engineer re running hi tie recent link article also customers running versions receive mainstream means customers received mentioned update released march given potential impact customers businesses made decision make update platforms custom broadly available download links were these patched well thank running dear colleagues please find attached running os supported by solution upgrade latest versions question accept disposal think dear please initiate sr initiate corrective actions inform pm initiate cr upgrade os etc thanks senior consultant,Administrative rights,Hardware,0.8433508276939392,False
jobs creation oracle hello please create jobs job controller grade senior job engagement specialist grade senior technician st looking forward hearing thanks kind regards,HR Support,Access,0.8424413204193115,False
write rights pas as pm for salvo write rights pm hi please create based assign thank engineer wednesday december pm write rights pm hi needs add forecast pre she currently rights please give her pm rights officer,HR Support,Miscellaneous,0.8422930836677551,False
oracle projects for seal and customer working moment client working grouped under single out container create seal both myself supporting his accounts please attached forms per having these requirement finalizing budgeting budgeting meeting scheduled kindly ask high degree urgency thank,Internal Project,Hardware,0.8412588238716125,False
oracle process sent friday october process hi appear have access any shopping lists enable be raised can you please provide access for shopping lists details enable be raised for starter regards director,Hardware,HR Support,0.8409419059753418,False
add to tuesday december pm fwd change training hey guys maybe other received well thanks begin forwarded date december change training out fabulous christmas offers festive offering discount discount classroom training coupon code classroom discount virtual training coupon code virtual discount learning courses coupon code offer valid till change training hello anyone make change how make transition overcome resistance successfully manage change by defining instilling values attitudes norms change training course leaders help discover proven processes techniques implement change successfully throughout process change ensure usually resistant difficult remain motivated engaged upcoming workshops more workshop price bird price valid till course highlights course led by industry expert course completion certificate manage lead change better results become more accomplished motivated understand role change leader identification areas conflict resistance virtual classroom training workshop date bird date timings weekday pm pm weekday pm pm weekend more details please virtual classroom regularly scheduled taught by expert instructors hands assistance forward having program warm regards id sincerely apologize find intrusion privacy source inconvenience wish please,Hardware,Miscellaneous,0.8393822312355042,False
travel expenses for trip october pm trip hi since where imported partially notified client invoice costs invoice moment related trip where attached find requests received approved accommodation cost cost flight costs cost cannot also cannot find costs per diem per diem cost maybe other introduced correctly underground bus both find attached expense report has similar report please find these please map code thank,Internal Project,Hardware,0.838833212852478,False
message to analyze tuesday march re analyze hi thanks letting about delete variation pump dump share trading scam please add blacklist inter regards tuesday march analyze hi received please attached which analyze let more thank,Hardware,Miscellaneous,0.8367992639541626,False
pas reporting view timeout error view timeout error hi had real problem with view outs report template was issued about week ago keep getting out issues did have reinstall view software when then tested worked but then subsequently keeps failing sometimes works times get error screen largely tells responding client end gives up errors if keep persisting then eventually work occurs consistently issue very frustrating want walk into next round with problem thank you director,HR Support,Hardware,0.8367075324058533,False
reporting access sent saturday november re awaiting your response access forget sent galaxy hello please be informed we checked you members could you please provide full file best regards engineer sent friday november dear have access for area where supposed help please,HR Support,Hardware,0.8354461789131165,False
bucket for internal project thursday pm bucket hello help create please attached form filled head thanks thursday pm re bucket approved tuesday pm bucket hello two colleagues bench working about charts transposed context instead excel stands moment attached form other information myself provide written please attach thanks consultant,HR Support,Internal Project,0.8347285389900208,False
data migration please migrate the data from old to the new for hello please informed different structure old kindly advise migrate give permissions guidelines id more assistance feel free best regards engineer thursday november pm migration please migrate old importance high dear please migrate old location by keeping same structure privacy stored under these locations thank best regard agile next annual leave november december friday november pm name change migration deadline over during period recorded more than visits hits priority help migration content old order achieve two recorded two video demos solved tasks cases same agreed deadline order give enough transfer everything old solve dependencies different define name well enable name name has updated short easy remember name has chosen reflect unified deadline total two months finish migration december old available mode download files nothing after old archived available hard deadline extending further important transfer files by date working client sites via did sites configuration plan section included ask software hardware assets predefined form notified about progress within same chief,Hardware,Miscellaneous,0.8345438838005066,False
not found error found error hello sorry bother ca again data exterior la care sa assistant,Hardware,HR Support,0.8336676359176636,False
contact account does not show all projects added to it as oracle pas survey hello please below query regarding names being sync with please log ticket assign appropriate for investigation best regards sent monday re survey hi thanks lot for info you have shared very useful for was checking name for contacts found can select list below however list contain projects created for client sending you also list with projects we have under client how should proceed case when contact related exist best manager sent friday re survey hello thanks for getting think you ll find necessary information more questions below our guide let know if export list for go contacts choose view active contacts one then export excel helps might also prove useful sent friday survey hi working contact info accuracy for there more than contacts should be checked would be very useful for if can somehow export list contact for with fields very important be able check send survey segment type main offer fields those fields mandatory be send client if those fields populated correct understanding correct can you please help with advice how proceed with export also would like ask you send survey we going use for quarter how types survey we have you going send specific type survey our client according value segment type let know if you think we can organize short call about questions thank manager,Hardware,Miscellaneous,0.833405077457428,False
and re member option wireless wired requested wired senior thursday november pm re member hello please advise updates matter please also also part order find best option avoid conflicts thank regards tuesday november member hi please add also he needs his badge secure thank senior,Miscellaneous,HR Support,0.8331555724143982,False
testing testing ca parte testing si,HR Support,Hardware,0.8310341835021973,False
windows for the its team en analyst community builder ext hub wednesday pm re hi per thank hello please log install each based availability ours please advise suffice thank best regards leader ext,Hardware,Purchase,0.8299819231033325,False
import of final for into import final dear please assign thank kind regards analyst,Purchase,Internal Project,0.8299699425697327,False
difference total for thursday pm difference total hi please difference total form review form regards,Miscellaneous,HR Support,0.8297831416130066,False
physical access for physical hi please allocate card please also physical within thanks tuesday november physical dear kindly physical within sixth floor possible he has started work november thanks,Access,HR Support,0.8296062350273132,False
configuration adjustments configuration adjustments dear found content created recently without notifying consequence haven added additionally files located disk instead disk which desirable content content content content content content actions relocate files add avoid future content creation wrong location change default path disk remember other type additionally created since please assign thank technical leader,Hardware,Miscellaneous,0.82953941822052,False
creative cloud all renewal october re creative renewal hello attached creative please advise thanks,Miscellaneous,Hardware,0.8291346430778503,False
problems with printers on floor sent tuesday problems with printers floor hello have problem with printers color floor please find attached thank you tester,Hardware,HR Support,0.8281488418579102,False
report error sent wednesday october report error hi could you please log ticket for care report duce si cannot be found most likely causes there might be typing error address if you clicked link be out date wow se best regards engineer,HR Support,Hardware,0.8263657093048096,False
service now for belgrade wednesday march pm hi guys please add these infrastructure located questions please let thanks senior infrastructure consultant,HR Support,Miscellaneous,0.8263180255889893,False
hardware assignation phones wednesday march pm hardware assignation hello want kindly ask tickets assign assets assign attached excel assign monitors attached excel assign phones attached excel thank help kind regards specialist pl starting st replaced,HR Support,Miscellaneous,0.8261547088623047,False
terminated employees active oracle pm terminated employees active hello currently employees active even left issue appears due import done july were terminated except please perform leaver process employees panic panic questions please kind regards engineer,Hardware,HR Support,0.8236712217330933,False
your case has been updated has updated dear help understand mean problem december pm re has updated away december has updated boost has updated boost has updated ref ref sharif technical consultant reading,Purchase,Hardware,0.8232694864273071,False
wrong value imported pas sent tuesday february wrong value imported hi could you please raise with below issue line declared was but showing days for same was declared december was correctly imported regards manager,HR Support,Miscellaneous,0.823133111000061,False
access to detailed salary history reports as a detailed salary history reports hello la detailed salary history reports care si salary review care,Hardware,HR Support,0.8228188157081604,False
error with sent thursday error with hello please advise attached error trying change sales owner thanks best regards manager,HR Support,Miscellaneous,0.8226912021636963,False
disable lock screen friday july pm disable lock screen hi has virtual machine dedicated selenium automated tests run daily triggered by job tests starts failing user session under lock screen after configuration policy please disable feature mentioned machine thank regards engineer,Access,Hardware,0.8226557374000549,False
cancel meetings organized by another person cancel meetings organized by person hi please help cancel attached recurrent meetings these by colleague maternity leave owner make changes cannot organizer thank kind regards programme portfolio officer,Miscellaneous,HR Support,0.8221798539161682,False
calendar issue sent thursday calendar issue hi have issue with calendar weekend days set tuesday wednesday saturday should normally be because last vacation request was correctly processed can you please check why calendar displaying these days weekend days could you also check if with migration issue present anymore thank you,HR Support,Hardware,0.821056604385376,False
can not log time sent thursday november re update starter hello far know colleague still some issued when she tries enter her for week could you please try get contact with her order solve query her name thanks accounts receivable accountant ext sent thursday november update starter dear further our recent communication we believe your below query resolved if you with resolution there need for response however please let know if we can be any further assistance matter please note interactions between clients regularly monitored order make high quality maintained reference number summary starter resolver resolution details membership start date profile description sent wednesday november re starter hello could you please help enter for week because still work for second week there was problem thanks sent monday october starter hello please be advised mentioned below issue tracked by our rd party provider individual fixes by our senior colleagues for each employee please retry enter your week or if there anything we can assist with please hesitate contact thanks kind regards analyst ext hub sent monday october re starter hello could you please help colleague she tried log her today but her side show same options mine please find attached what does shows when she tries log thanks accounts receivables accountant ext sent wednesday october starter hello your created if you report message for your st days without possibility enter code please let know note issue tracked by our rd party provider you be able log your properly only for weeks following your start date thank you for your understanding analyst ext hub sent wednesday october access hello kindly be advised there another ticket raised for we provide resolution depending workload we sorry for any inconveniences might cause colleague get back you with updates when available thank you for your best regards analyst ext hub sent monday october access hello could you please replicate access if you need additional information please let know regards accounts receivables accountant ext kind regards ext hub ref msg,Hardware,HR Support,0.8200922608375549,False
please correct access tuesday october pm please please same se screen shots thanks engineer ext date please engineer ext date thursday pm please hi working found same his preventing closing tickets thanks engineer ext registered under number whose registered old broad street kingdom provide clients each subsidiaries separate entity has liability,Miscellaneous,HR Support,0.8200647234916687,False
special leave approval status sent wednesday special leave hi guys could you please look into have submitted special leave for th lieu st but still awaiting approval assisted seems approval was granted but still can thanks kind regards engineer,HR Support,Miscellaneous,0.8183429837226868,False
access to machines on ports machines ports hi guys please make please these machines ports please other ports accessing inside secure thanks senior software architect,HR Support,Hardware,0.8177824020385742,False
access area sent thursday july access area hello could you please check what wrong with badge since morning able access area th floor where located can get out but applies only when entering number badge thank you lead,HR Support,Hardware,0.8177586793899536,False
duplicate task sent tuesday operations duplicate scheduled task hi we noticed scheduled task triggers every tuesday duplicated can you please correct best regards monitoring engineer en ops ops,Miscellaneous,Hardware,0.8170267939567566,False
available la available la hello care la si available comers lost cards si ne care si ca va,Access,Hardware,0.8169072866439819,False
urgent access required urgent required hi key urgently resolve next two please regards client,HR Support,Hardware,0.8167944550514221,False
am mobile service now membership pm mobile membership hello please add mobile thank,Hardware,Miscellaneous,0.8158615231513977,False
request for new headphones wednesday march pm headphones hi headphones old ones problem thanks software developer,Hardware,HR Support,0.8142722845077515,False
oracle issue sent thursday issue hi could you please investigate case before got married appears with different names different sections although number same know how could impact billing process thank you,HR Support,Miscellaneous,0.8138529658317566,False
reject and oracle issues tuesday reject issues hello reject period also please help errors he unable book his moment regards,HR Support,Administrative rights,0.8125345706939697,False
incorrect grading score the service now call closure feedback survey incorrect grading score call closure feedback survey hello could you please check why we have response our call closure satisfaction survey seen below since we only offer raking option applicable please log issue under ticketing tool dashboard let know if you require further assistance or information our side thank you customer care en,Hardware,Miscellaneous,0.8125104308128357,False
laptop for tuesday november user importance high hello allocate colleague please provide her thank senior accountant street center,Hardware,Access,0.8121771812438965,False
access card tuesday march pm card hi please change building secure area floor thank best regards,Access,HR Support,0.8117926120758057,False
oracle fusion team members report thursday re hi other solution reports progress other reports specifically module best regards holiday notice thursday re re report central eastern technical thursday re hi please include future best regards holiday notice thursday re hello please generate same report given period getting error thanks central eastern technical tuesday pm re hi report display logged by members logged against kind regards officer re hello thanks timely add members logged holidays codes which owner currently pm lines user tm members which added logged codes manage holidays included central eastern technical tuesday pm re looping well explained add members managing then run member where logged kind regards officer re currently covered report looking cover future thread she involved part little bit give advice regarding reports which usable best regards tuesday pm re thanks export instructions seems add billable codes lines report sufficient since export engineers where logged against includes billable codes billable codes holidays etc lines waiting report estimate done chased produce report central eastern technical tuesday re escalating screen progress handled by draft template please best regards tuesday hello subject fulfilled please owner expired after days passed by central eastern technical,Hardware,Miscellaneous,0.8105309009552002,False
create list create hello guys please create add administrators let thank planned annual leave holidays st senior,Miscellaneous,HR Support,0.8105027675628662,False
create mail contact his name credentials him,Access,Miscellaneous,0.8095044493675232,False
access to whole new pas sent tuesday october re access whole have access known unknown pipelines sent tuesday october re access whole still issue looks like you have full sent october access whole importance high hi could you please with same access was set old need full access for be able run reports for other please attached approval thanks officer,Internal Project,Hardware,0.8087291717529297,False
deploy the inventory agent via to all assets belgrade july pm users hello were lead understand significant amount workstations tried information please assets which primary os owns said assets understand primary os requirement preference users please log deploy inventory agent via assets except assets which different by controllers thank regards consultant ext,Administrative rights,Hardware,0.8079560995101929,False
notification follow up notification on windows updates pm action required updates importance high hello guys please follow tomorrow morning also include thank pm action required updates importance high hello everyone please advised updates available assets which help preventing infections order apply follow steps afterwards requested restart device command prompt type then hit enter type then press enter log off then log back updates available after performing please follow steps press key combination display search then type update updates button choose install updates perform restart possible encounter issues please let thank kind regards ext hub,Hardware,Administrative rights,0.8072770833969116,False
edwards lost permissions to service now sent monday july unable log hello please be advised have logged separate ticket for kind regards specialist sent monday july unable log hello we have one more colleague lost his roles few more names should follow once receive them get back you can confirm part tm requests groups thank you very much kind regards analyst ext hub sent monday july unable log hello other should be members tm requests best regards analyst sent monday july re unable log hello member like bent also should be member well there might be another were removed well but we re yet what name we ll get back you when we find out best regards analyst sent monday july unable log dear thank you for contacting reference ticket logged our end last week unable log have checked appears be order nonetheless does appear she part any or she any roles could you kindly advise whether she was supposed be part any groups allow her visibility view other self one if please check with her what groups or confirm name colleague whose permissions we can looking forward hearing you thank you very much kind regards analyst ext hub sent thursday unable log hello finds you well could please take look below assist called because she allowed log please her accounts locked either ad nor snow profile when trying click straight number req assigned her she receives log out error if using external log she taken self portal thanks kind regards analyst,Hardware,Miscellaneous,0.8070842027664185,False
feedback question on the feedback question name rating suggestion help text editors were text especially comes feedback helps lot improve visual text by underline color words bullet lists etc especially visual helps lot thank,Access,Hardware,0.8068841695785522,False
access wednesday hi please colleague thanks accounts receivable lead,Access,HR Support,0.8041131496429443,False
forwarder outlook calendar organizer rights and contact card forwarder calendar organizer rights card hello starting taken leader therefore help matters please forwarder mine next until had series reminders tasks these reminders visible members calendar forward these reminders has right because organizer transfer her rights organizer forward reminders possible create reminders scratch least option card displaying specialist amended please help piece information please hesitate thank best regards leader,Access,Administrative rights,0.8037970662117004,False
authentication failed sent friday july authentication failed hi teams we have difficulties connect nexus through password please note port could you help with issue please thank you engineer information confidential be legally privileged intended solely for addressee any opinions expressed mine necessarily represent opinions susceptible interference if you intended recipient any disclosure copying or any,Hardware,Administrative rights,0.8037925958633423,False
not able to project sent monday march able hi could you please check below error able created last week please below neither issues have created worked fine until sent friday march re create hi thanks lot appreciate your help best regards senior analyst sent friday march create hello please note your created per your request usually creating projects can take longer but had little hands processed your request let know if further assistance needed kind regards analyst ext hub sent thursday march re logged create hi please ask you solve below ticket with high priority if possible today our work dependent creation thank you senior analyst,Hardware,Miscellaneous,0.803138792514801,False
credentials request credentials hello dearest assistance requested credentials whatever connect instance installed computer files right folder connect name fails please help out kindest regards,Hardware,Storage,0.8023362755775452,False
help changing password wednesday december pm error changing hello please help solve error change days tried several times same error each attempt please attached photo help much appreciated thanks galaxy,Access,HR Support,0.8021839261054993,False
reinstallation of outlook archive reinstallation archive dear reinstallation since option keep besides archive which talked out he reinstall kind regards specialist,Storage,Administrative rights,0.8021038174629211,False
mini allocate to thursday july pm mini allocate dear please allocate mini tower needs apple hardware confirmed availability mini representatives regards senior software developer,HR Support,Hardware,0.8017470240592957,False
delete managed services managers re duplication members create extended please delete well please since re tidying mode massively outdated thanks,Miscellaneous,Hardware,0.8003922700881958,False
